Date,Market_High,Market_Low,bloomberg_nifty50_1year.csv_Support,bloomberg_nifty50_1year.csv_Resistance,bloomberg_nifty50_1year.csv_Distance,cnbc_nifty50_1year.csv_Support,cnbc_nifty50_1year.csv_Resistance,cnbc_nifty50_1year.csv_Distance,economictimeslive_nifty50_1year.csv_Support,economictimeslive_nifty50_1year.csv_Resistance,economictimeslive_nifty50_1year.csv_Distance,etnow_nifty50_1year.csv_Support,etnow_nifty50_1year.csv_Resistance,etnow_nifty50_1year.csv_Distance,financialexpress_nifty50_1year.csv_Support,financialexpress_nifty50_1year.csv_Resistance,financialexpress_nifty50_1year.csv_Distance,indiatodaybusiness_nifty50_1year.csv_Support,indiatodaybusiness_nifty50_1year.csv_Resistance,indiatodaybusiness_nifty50_1year.csv_Distance,mint_nifty50_1year.csv_Support,mint_nifty50_1year.csv_Resistance,mint_nifty50_1year.csv_Distance,moneycontrol_nifty50_1year.csv_Support,moneycontrol_nifty50_1year.csv_Resistance,moneycontrol_nifty50_1year.csv_Distance,ndtvprofit_nifty50_1year.csv_Support,ndtvprofit_nifty50_1year.csv_Resistance,ndtvprofit_nifty50_1year.csv_Distance,timesnowbusiness_nifty50_1year.csv_Support,timesnowbusiness_nifty50_1year.csv_Resistance,timesnowbusiness_nifty50_1year.csv_Distance,Best_Source,Best_Distance
2024-11-29,24188.45,23927.15,25965.0,26896.0,4745.399999999998,25877.0,26869.0,4630.399999999998,25939.0,26812.0,4635.399999999998,25914.0,26869.0,4667.399999999998,25886.0,26824.0,4594.399999999998,25997.0,26847.0,4728.399999999998,25966.0,26899.0,4749.399999999998,25854.0,26967.0,4705.399999999998,25839.0,26864.0,4587.399999999998,25864.0,26819.0,4567.399999999998,timesnowbusiness_nifty50_1year.csv,4567.399999999998
2024-12-02,24301.7,24008.65,25984.0,26863.0,4536.649999999998,25969.0,26997.0,4655.649999999998,25936.0,26922.0,4547.649999999998,25964.0,26870.0,4523.649999999998,25851.0,26849.0,4389.649999999998,25907.0,26884.0,4480.649999999998,25812.0,26823.0,4324.649999999998,25904.0,26886.0,4479.649999999998,25978.0,26852.0,4519.649999999998,25836.0,26935.0,4460.649999999998,mint_nifty50_1year.csv,4324.649999999998
2024-12-03,24481.35,24280.0,25915.0,26930.0,4083.6500000000015,25843.0,26935.0,4016.6500000000015,25894.0,26938.0,4070.6500000000015,25886.0,26811.0,3935.6500000000015,25980.0,26925.0,4143.6500000000015,25880.0,26870.0,3988.6500000000015,25908.0,26883.0,4029.6500000000015,25874.0,26841.0,3953.6500000000015,25865.0,26817.0,3920.6500000000015,25907.0,26919.0,4064.6500000000015,ndtvprofit_nifty50_1year.csv,3920.6500000000015
2024-12-04,24573.2,24366.3,25814.0,26926.0,3800.5,25891.0,26898.0,3849.5,25867.0,26925.0,3852.5,25993.0,26842.0,3895.5,25890.0,26840.0,3790.5,25801.0,26994.0,3855.5,25816.0,26973.0,3849.5,25877.0,26838.0,3775.5,25831.0,26858.0,3749.5,25858.0,26987.0,3905.5,ndtvprofit_nifty50_1year.csv,3749.5
2024-12-05,24857.75,24295.55,25962.0,26919.0,3727.7000000000007,25938.0,26963.0,3747.7000000000007,25815.0,26865.0,3526.7000000000007,25962.0,26877.0,3685.7000000000007,25886.0,26860.0,3592.7000000000007,25934.0,26850.0,3630.7000000000007,25809.0,26876.0,3531.7000000000007,25869.0,26850.0,3565.7000000000007,25866.0,26885.0,3597.7000000000007,25872.0,26815.0,3533.7000000000007,economictimeslive_nifty50_1year.csv,3526.7000000000007
2024-12-06,24751.05,24620.5,25884.0,26901.0,3413.4500000000007,25905.0,26807.0,3340.4500000000007,25848.0,26873.0,3349.4500000000007,25878.0,26916.0,3422.4500000000007,25811.0,26826.0,3265.4500000000007,25910.0,26969.0,3507.4500000000007,25996.0,26820.0,3444.4500000000007,25872.0,26803.0,3303.4500000000007,25876.0,26804.0,3308.4500000000007,25854.0,26831.0,3313.4500000000007,financialexpress_nifty50_1year.csv,3265.4500000000007
2024-12-09,24705.0,24580.05,25905.0,26954.0,3573.9500000000007,25816.0,26893.0,3423.9500000000007,25887.0,26858.0,3459.9500000000007,25935.0,26983.0,3632.9500000000007,25861.0,26840.0,3415.9500000000007,25888.0,26841.0,3443.9500000000007,25922.0,26971.0,3607.9500000000007,25857.0,26934.0,3505.9500000000007,25871.0,26900.0,3485.9500000000007,25933.0,26964.0,3611.9500000000007,financialexpress_nifty50_1year.csv,3415.9500000000007
2024-12-10,24677.8,24510.65,25979.0,26816.0,3606.5499999999993,25934.0,26907.0,3652.5499999999993,25906.0,26995.0,3712.5499999999993,25973.0,26854.0,3638.5499999999993,25995.0,26935.0,3741.5499999999993,25888.0,26865.0,3564.5499999999993,25909.0,26961.0,3681.5499999999993,25956.0,26986.0,3753.5499999999993,25949.0,27000.0,3760.5499999999993,25836.0,26813.0,3460.5499999999993,timesnowbusiness_nifty50_1year.csv,3460.5499999999993
2024-12-11,24691.75,24583.85,25883.0,26969.0,3576.4000000000015,25926.0,26918.0,3568.4000000000015,25817.0,26817.0,3358.4000000000015,25944.0,26808.0,3476.4000000000015,25856.0,26864.0,3444.4000000000015,25834.0,26861.0,3419.4000000000015,25991.0,26910.0,3625.4000000000015,25927.0,26869.0,3520.4000000000015,25830.0,26825.0,3379.4000000000015,25861.0,27000.0,3585.4000000000015,economictimeslive_nifty50_1year.csv,3358.4000000000015
2024-12-12,24675.25,24527.95,25911.0,26956.0,3663.7999999999993,25931.0,26911.0,3638.7999999999993,25892.0,26896.0,3584.7999999999993,25896.0,26824.0,3516.7999999999993,25803.0,26800.0,3399.7999999999993,25818.0,26983.0,3597.7999999999993,25876.0,26801.0,3473.7999999999993,25884.0,26834.0,3514.7999999999993,25855.0,26926.0,3577.7999999999993,25849.0,26919.0,3564.7999999999993,financialexpress_nifty50_1year.csv,3399.7999999999993
2024-12-13,24792.3,24180.8,25822.0,26816.0,3664.9000000000015,25804.0,26927.0,3757.9000000000015,25944.0,26994.0,3964.9000000000015,25957.0,26878.0,3861.9000000000015,25827.0,26961.0,3814.9000000000015,25803.0,26805.0,3634.9000000000015,25857.0,26861.0,3744.9000000000015,25842.0,26979.0,3847.9000000000015,25932.0,26858.0,3816.9000000000015,25973.0,26988.0,3987.9000000000015,indiatodaybusiness_nifty50_1year.csv,3634.9000000000015
2024-12-16,24781.25,24601.75,25808.0,26910.0,3335.0,25826.0,26942.0,3385.0,25939.0,26993.0,3549.0,25996.0,26923.0,3536.0,25954.0,26844.0,3415.0,25874.0,26868.0,3359.0,25959.0,26800.0,3376.0,25864.0,26999.0,3480.0,25911.0,26810.0,3338.0,25969.0,26947.0,3533.0,bloomberg_nifty50_1year.csv,3335.0
2024-12-17,24624.1,24303.45,25800.0,26882.0,3754.4500000000007,25909.0,26877.0,3858.4500000000007,25975.0,26871.0,3918.4500000000007,25859.0,26817.0,3748.4500000000007,25965.0,26984.0,4021.4500000000007,25990.0,26851.0,3913.4500000000007,25998.0,26989.0,4059.4500000000007,25954.0,26900.0,3926.4500000000007,25951.0,26885.0,3908.4500000000007,25812.0,26964.0,3848.4500000000007,etnow_nifty50_1year.csv,3748.4500000000007
2024-12-18,24394.45,24149.85,25818.0,26855.0,4128.700000000001,25812.0,26982.0,4249.700000000001,25961.0,26864.0,4280.700000000001,25824.0,26873.0,4152.700000000001,25964.0,26836.0,4255.700000000001,25910.0,26815.0,4180.700000000001,25927.0,26861.0,4243.700000000001,25916.0,26864.0,4235.700000000001,25817.0,26921.0,4193.700000000001,25820.0,26938.0,4213.700000000001,bloomberg_nifty50_1year.csv,4128.700000000001
2024-12-19,24004.9,23870.3,25966.0,26904.0,4994.799999999999,25922.0,26990.0,5036.799999999999,25847.0,26877.0,4848.799999999999,25977.0,26832.0,4933.799999999999,25949.0,26943.0,5016.799999999999,25820.0,26923.0,4867.799999999999,25931.0,26893.0,4948.799999999999,25820.0,26862.0,4806.799999999999,25860.0,26903.0,4887.799999999999,25930.0,26856.0,4910.799999999999,moneycontrol_nifty50_1year.csv,4806.799999999999
2024-12-20,24065.8,23537.35,25812.0,26801.0,5009.850000000002,25855.0,26815.0,5066.850000000002,25986.0,26982.0,5364.850000000002,25821.0,26972.0,5189.850000000002,25840.0,26823.0,5059.850000000002,25971.0,26952.0,5319.850000000002,25900.0,26943.0,5239.850000000002,25850.0,26881.0,5127.850000000002,25856.0,26866.0,5118.850000000002,25982.0,26809.0,5187.850000000002,bloomberg_nifty50_1year.csv,5009.850000000002
2024-12-23,23869.55,23647.2,25810.0,26953.0,5246.25,25852.0,26857.0,5192.25,25897.0,26958.0,5338.25,25940.0,26989.0,5412.25,25810.0,26869.0,5162.25,25861.0,26952.0,5296.25,25925.0,26896.0,5304.25,25812.0,26931.0,5226.25,25802.0,26975.0,5260.25,25881.0,26945.0,5309.25,financialexpress_nifty50_1year.csv,5162.25
2024-12-24,23867.65,23685.15,25869.0,26997.0,5313.199999999997,25834.0,26816.0,5097.199999999997,25968.0,26872.0,5287.199999999997,25907.0,26933.0,5287.199999999997,25992.0,26990.0,5429.199999999997,25852.0,26963.0,5262.199999999997,25933.0,26815.0,5195.199999999997,25867.0,26957.0,5271.199999999997,25907.0,26872.0,5226.199999999997,25839.0,26963.0,5249.199999999997,cnbc_nifty50_1year.csv,5097.199999999997
2024-12-26,23854.5,23653.6,25993.0,26850.0,5334.9000000000015,25922.0,26853.0,5266.9000000000015,25946.0,26830.0,5267.9000000000015,25890.0,26979.0,5360.9000000000015,25889.0,26973.0,5353.9000000000015,25852.0,26822.0,5165.9000000000015,25928.0,26923.0,5342.9000000000015,25927.0,26854.0,5272.9000000000015,25948.0,26835.0,5274.9000000000015,25831.0,26951.0,5273.9000000000015,indiatodaybusiness_nifty50_1year.csv,5165.9000000000015
2024-12-27,23938.85,23800.6,25878.0,26926.0,5064.550000000003,25912.0,26915.0,5087.550000000003,25892.0,26889.0,5041.550000000003,25946.0,26930.0,5136.550000000003,25852.0,26943.0,5055.550000000003,25831.0,26809.0,4900.550000000003,25951.0,26840.0,5051.550000000003,25806.0,26806.0,4872.550000000003,25822.0,26910.0,4992.550000000003,25853.0,26907.0,5020.550000000003,moneycontrol_nifty50_1year.csv,4872.550000000003
2024-12-30,23915.35,23599.3,25885.0,26820.0,5190.350000000002,25943.0,26884.0,5312.350000000002,25943.0,26905.0,5333.350000000002,25916.0,26810.0,5211.350000000002,25803.0,26946.0,5234.350000000002,25946.0,26950.0,5381.350000000002,25920.0,26976.0,5381.350000000002,25926.0,26839.0,5250.350000000002,25923.0,26837.0,5245.350000000002,25944.0,26923.0,5352.350000000002,bloomberg_nifty50_1year.csv,5190.350000000002
2024-12-31,23689.85,23460.45,25999.0,26827.0,5675.700000000001,25871.0,26901.0,5621.700000000001,25976.0,26987.0,5812.700000000001,25909.0,26942.0,5700.700000000001,25803.0,26903.0,5555.700000000001,25924.0,26897.0,5670.700000000001,25919.0,26932.0,5700.700000000001,25851.0,26955.0,5655.700000000001,25823.0,26815.0,5487.700000000001,25917.0,26810.0,5576.700000000001,ndtvprofit_nifty50_1year.csv,5487.700000000001
2025-01-01,23822.8,23562.8,25913.0,26980.0,5507.4000000000015,25966.0,26889.0,5469.4000000000015,25842.0,26815.0,5271.4000000000015,25991.0,26907.0,5512.4000000000015,25895.0,26918.0,5427.4000000000015,25987.0,26896.0,5497.4000000000015,25968.0,26998.0,5580.4000000000015,25940.0,26991.0,5545.4000000000015,25823.0,26913.0,5350.4000000000015,25916.0,26945.0,5475.4000000000015,economictimeslive_nifty50_1year.csv,5271.4000000000015
2025-01-02,24226.7,23751.55,25861.0,26940.0,4822.75,25825.0,26802.0,4648.75,25946.0,26876.0,4843.75,25834.0,26919.0,4774.75,25952.0,26802.0,4775.75,25896.0,26958.0,4875.75,25809.0,26996.0,4826.75,25914.0,26922.0,4857.75,25895.0,26955.0,4871.75,25970.0,26861.0,4852.75,cnbc_nifty50_1year.csv,4648.75
2025-01-03,24196.45,23976.0,25855.0,26839.0,4521.549999999999,25820.0,26962.0,4609.549999999999,25987.0,26906.0,4720.549999999999,25878.0,26830.0,4535.549999999999,25991.0,26868.0,4686.549999999999,25884.0,26912.0,4623.549999999999,25882.0,26921.0,4630.549999999999,25904.0,26858.0,4589.549999999999,25952.0,26905.0,4684.549999999999,25907.0,26808.0,4542.549999999999,bloomberg_nifty50_1year.csv,4521.549999999999
2025-01-06,24089.95,23551.9,25947.0,26981.0,5286.149999999998,25890.0,26906.0,5154.149999999998,25946.0,26933.0,5237.149999999998,25986.0,26925.0,5269.149999999998,25836.0,26965.0,5159.149999999998,25934.0,26813.0,5105.149999999998,25968.0,26881.0,5207.149999999998,25919.0,26932.0,5209.149999999998,25952.0,26825.0,5135.149999999998,25814.0,26852.0,5024.149999999998,timesnowbusiness_nifty50_1year.csv,5024.149999999998
2025-01-07,23795.2,23637.8,25824.0,26862.0,5253.0,25927.0,26982.0,5476.0,25875.0,26846.0,5288.0,25994.0,26898.0,5459.0,25865.0,26995.0,5427.0,25930.0,26957.0,5454.0,25856.0,26934.0,5357.0,25805.0,26952.0,5324.0,25907.0,26803.0,5277.0,25865.0,26911.0,5343.0,bloomberg_nifty50_1year.csv,5253.0
2025-01-08,23751.85,23496.15,25941.0,26974.0,5667.0,25886.0,26890.0,5528.0,25897.0,26877.0,5526.0,25939.0,26989.0,5680.0,25945.0,26857.0,5554.0,25867.0,26958.0,5577.0,25836.0,26937.0,5525.0,25814.0,26819.0,5385.0,25845.0,26812.0,5409.0,25985.0,26951.0,5688.0,moneycontrol_nifty50_1year.csv,5385.0
2025-01-09,23689.5,23503.05,25886.0,27000.0,5693.450000000001,25955.0,26908.0,5670.450000000001,26000.0,26892.0,5699.450000000001,25815.0,26974.0,5596.450000000001,25930.0,26916.0,5653.450000000001,25800.0,26808.0,5415.450000000001,25804.0,26825.0,5436.450000000001,25893.0,26999.0,5699.450000000001,25953.0,26886.0,5646.450000000001,25988.0,26970.0,5765.450000000001,indiatodaybusiness_nifty50_1year.csv,5415.450000000001
2025-01-10,23596.6,23344.35,25882.0,26802.0,5743.050000000003,25921.0,26986.0,5966.050000000003,25967.0,26891.0,5917.050000000003,25822.0,26892.0,5773.050000000003,25926.0,26981.0,5966.050000000003,25896.0,26844.0,5799.050000000003,25807.0,26823.0,5689.050000000003,25911.0,26971.0,5941.050000000003,25887.0,26929.0,5875.050000000003,25843.0,26907.0,5809.050000000003,mint_nifty50_1year.csv,5689.050000000003
2025-01-13,23340.95,23047.25,25853.0,26836.0,6300.799999999999,25992.0,26823.0,6426.799999999999,25921.0,26947.0,6479.799999999999,25967.0,26834.0,6412.799999999999,25929.0,26935.0,6475.799999999999,25861.0,26875.0,6347.799999999999,25901.0,26962.0,6474.799999999999,25819.0,26847.0,6277.799999999999,25986.0,26893.0,6490.799999999999,25879.0,26933.0,6423.799999999999,moneycontrol_nifty50_1year.csv,6277.799999999999
2025-01-14,23264.95,23134.15,25977.0,26833.0,6410.899999999998,25869.0,26893.0,6362.899999999998,25847.0,26860.0,6307.899999999998,25890.0,26984.0,6474.899999999998,25974.0,26955.0,6529.899999999998,25857.0,26947.0,6404.899999999998,25912.0,26827.0,6339.899999999998,25905.0,26898.0,6403.899999999998,25900.0,26808.0,6308.899999999998,25887.0,26923.0,6410.899999999998,economictimeslive_nifty50_1year.csv,6307.899999999998
2025-01-15,23293.65,23146.45,25849.0,26811.0,6219.899999999998,25911.0,26872.0,6342.899999999998,25881.0,26902.0,6342.899999999998,25912.0,26804.0,6275.899999999998,25863.0,26878.0,6300.899999999998,25815.0,26904.0,6278.899999999998,25849.0,26910.0,6318.899999999998,25814.0,26910.0,6283.899999999998,25863.0,26863.0,6285.899999999998,25959.0,26962.0,6480.899999999998,bloomberg_nifty50_1year.csv,6219.899999999998
2025-01-16,23391.65,23272.05,25838.0,26891.0,6065.299999999999,25955.0,26882.0,6173.299999999999,25954.0,26960.0,6250.299999999999,25806.0,26895.0,6037.299999999999,25867.0,26889.0,6092.299999999999,25889.0,26928.0,6153.299999999999,25829.0,26957.0,6122.299999999999,25997.0,26938.0,6271.299999999999,25805.0,26931.0,6072.299999999999,25856.0,26940.0,6132.299999999999,etnow_nifty50_1year.csv,6037.299999999999
2025-01-17,23292.1,23100.35,25910.0,26800.0,6317.550000000003,25994.0,26826.0,6427.550000000003,25953.0,26853.0,6413.550000000003,25917.0,26858.0,6382.550000000003,25972.0,26899.0,6478.550000000003,25921.0,26852.0,6380.550000000003,25918.0,26974.0,6499.550000000003,25877.0,26938.0,6422.550000000003,25839.0,26801.0,6247.550000000003,25821.0,26867.0,6295.550000000003,ndtvprofit_nifty50_1year.csv,6247.550000000003
2025-01-20,23391.1,23170.65,25956.0,26832.0,6226.25,25930.0,26888.0,6256.25,25866.0,26879.0,6183.25,25811.0,26964.0,6213.25,25904.0,26992.0,6334.25,25831.0,26857.0,6126.25,25863.0,26860.0,6161.25,25885.0,26895.0,6218.25,25974.0,26891.0,6303.25,25997.0,26925.0,6360.25,indiatodaybusiness_nifty50_1year.csv,6126.25
2025-01-21,23426.3,22976.85,25918.0,26971.0,6485.850000000002,25945.0,26999.0,6540.850000000002,25814.0,26834.0,6244.850000000002,25973.0,26878.0,6447.850000000002,25966.0,26829.0,6391.850000000002,25804.0,26803.0,6203.850000000002,25812.0,26984.0,6392.850000000002,25989.0,26874.0,6459.850000000002,25831.0,26819.0,6246.850000000002,25907.0,26928.0,6431.850000000002,indiatodaybusiness_nifty50_1year.csv,6203.850000000002
2025-01-22,23169.55,22981.3,25950.0,26864.0,6663.1500000000015,25999.0,26869.0,6717.1500000000015,25836.0,26925.0,6610.1500000000015,25946.0,26814.0,6609.1500000000015,25847.0,27000.0,6696.1500000000015,25996.0,26809.0,6654.1500000000015,25852.0,26957.0,6658.1500000000015,25937.0,26967.0,6753.1500000000015,25978.0,26909.0,6736.1500000000015,25934.0,26957.0,6740.1500000000015,etnow_nifty50_1year.csv,6609.1500000000015
2025-01-23,23270.8,23090.65,25953.0,26984.0,6575.549999999999,25995.0,26876.0,6509.549999999999,25931.0,26835.0,6404.549999999999,25839.0,26936.0,6413.549999999999,25977.0,26997.0,6612.549999999999,26000.0,26880.0,6518.549999999999,25835.0,26964.0,6437.549999999999,25805.0,26975.0,6418.549999999999,25932.0,26880.0,6450.549999999999,25842.0,26845.0,6325.549999999999,timesnowbusiness_nifty50_1year.csv,6325.549999999999
2025-01-24,23347.3,23050.0,25958.0,26896.0,6456.700000000001,25911.0,27000.0,6513.700000000001,25969.0,26816.0,6387.700000000001,25959.0,26841.0,6402.700000000001,25805.0,26985.0,6392.700000000001,25980.0,26854.0,6436.700000000001,25824.0,26952.0,6378.700000000001,25876.0,26879.0,6357.700000000001,25873.0,26940.0,6415.700000000001,25864.0,26848.0,6314.700000000001,timesnowbusiness_nifty50_1year.csv,6314.700000000001
2025-01-27,23007.45,22786.9,25985.0,26841.0,7031.649999999998,25965.0,26884.0,7054.649999999998,25897.0,26988.0,7090.649999999998,25921.0,26872.0,6998.649999999998,25838.0,26856.0,6899.649999999998,25984.0,26968.0,7157.649999999998,25846.0,26968.0,7019.649999999998,25974.0,26836.0,7015.649999999998,25919.0,26984.0,7108.649999999998,25924.0,26963.0,7092.649999999998,financialexpress_nifty50_1year.csv,6899.649999999998
2025-01-28,23137.95,22857.65,25908.0,26922.0,6834.399999999998,25912.0,26833.0,6749.399999999998,25955.0,26936.0,6895.399999999998,25950.0,26884.0,6838.399999999998,25929.0,26920.0,6853.399999999998,25903.0,26940.0,6847.399999999998,25913.0,26814.0,6731.399999999998,25990.0,26943.0,6937.399999999998,25970.0,26952.0,6926.399999999998,25816.0,26830.0,6650.399999999998,timesnowbusiness_nifty50_1year.csv,6650.399999999998
2025-01-29,23183.35,22976.5,25931.0,26991.0,6762.1500000000015,25870.0,26981.0,6691.1500000000015,25896.0,26981.0,6717.1500000000015,25845.0,26890.0,6575.1500000000015,25834.0,26901.0,6575.1500000000015,25972.0,26873.0,6685.1500000000015,25952.0,26890.0,6682.1500000000015,25861.0,26921.0,6622.1500000000015,25832.0,26905.0,6577.1500000000015,25896.0,26870.0,6606.1500000000015,etnow_nifty50_1year.csv,6575.1500000000015
2025-01-30,23322.05,23139.2,25984.0,26831.0,6353.75,25843.0,26866.0,6247.75,25997.0,26805.0,6340.75,25994.0,26887.0,6419.75,25932.0,26825.0,6295.75,25900.0,26902.0,6340.75,25894.0,26915.0,6347.75,25884.0,26837.0,6259.75,25993.0,26876.0,6407.75,25878.0,26806.0,6222.75,timesnowbusiness_nifty50_1year.csv,6222.75
2025-01-31,23546.8,23277.4,25918.0,26816.0,5909.799999999999,25978.0,26901.0,6054.799999999999,25913.0,26800.0,5888.799999999999,25940.0,26829.0,5944.799999999999,25981.0,26861.0,6017.799999999999,25925.0,26991.0,6091.799999999999,25971.0,26845.0,5991.799999999999,25897.0,26905.0,5977.799999999999,25828.0,26968.0,5971.799999999999,25829.0,26954.0,5958.799999999999,economictimeslive_nifty50_1year.csv,5888.799999999999
2025-02-01,23632.45,23318.3,,,,,,,,,,,,,,,,,,,,,,,,,,,,,,,,
2025-02-03,23381.6,23222.0,25853.0,26967.0,6216.4000000000015,25966.0,26916.0,6278.4000000000015,25892.0,26916.0,6204.4000000000015,25824.0,26864.0,6084.4000000000015,25972.0,26978.0,6346.4000000000015,25892.0,26871.0,6159.4000000000015,25862.0,26887.0,6145.4000000000015,25904.0,26892.0,6192.4000000000015,25808.0,26843.0,6047.4000000000015,25842.0,26815.0,6053.4000000000015,ndtvprofit_nifty50_1year.csv,6047.4000000000015
2025-02-04,23762.75,23423.15,25855.0,26982.0,5651.0999999999985,25832.0,26815.0,5461.0999999999985,25993.0,26831.0,5638.0999999999985,25938.0,26833.0,5585.0999999999985,25876.0,26983.0,5673.0999999999985,25852.0,26983.0,5649.0999999999985,25833.0,26892.0,5539.0999999999985,25805.0,26846.0,5465.0999999999985,25914.0,26823.0,5551.0999999999985,25951.0,26820.0,5585.0999999999985,cnbc_nifty50_1year.csv,5461.0999999999985
2025-02-05,23807.3,23680.45,25961.0,26882.0,5355.25,25836.0,26924.0,5272.25,25927.0,26990.0,5429.25,25918.0,26917.0,5347.25,25915.0,26821.0,5248.25,25989.0,26845.0,5346.25,25914.0,26948.0,5374.25,25976.0,26801.0,5289.25,25888.0,26805.0,5205.25,25861.0,26835.0,5208.25,ndtvprofit_nifty50_1year.csv,5205.25
2025-02-06,23773.55,23556.25,25818.0,26961.0,5449.200000000001,25987.0,26983.0,5640.200000000001,25926.0,26897.0,5493.200000000001,25911.0,26825.0,5406.200000000001,25992.0,26819.0,5481.200000000001,25845.0,26814.0,5329.200000000001,25838.0,26815.0,5323.200000000001,25923.0,26811.0,5404.200000000001,25812.0,26999.0,5481.200000000001,25901.0,26889.0,5460.200000000001,mint_nifty50_1year.csv,5323.200000000001
2025-02-07,23694.5,23443.2,25866.0,26940.0,5668.299999999999,25961.0,26911.0,5734.299999999999,25920.0,26831.0,5613.299999999999,25966.0,26905.0,5733.299999999999,25868.0,26866.0,5596.299999999999,25817.0,26853.0,5532.299999999999,25965.0,26835.0,5662.299999999999,25949.0,26879.0,5690.299999999999,25963.0,26824.0,5649.299999999999,25940.0,26892.0,5694.299999999999,indiatodaybusiness_nifty50_1year.csv,5532.299999999999
2025-02-10,23568.6,23316.3,25834.0,26808.0,5757.100000000002,25952.0,26876.0,5943.100000000002,25922.0,26954.0,5991.100000000002,25891.0,26934.0,5940.100000000002,25815.0,26800.0,5730.100000000002,25896.0,26881.0,5892.100000000002,25910.0,26972.0,5997.100000000002,25806.0,26935.0,5856.100000000002,25993.0,26923.0,6031.100000000002,25996.0,26971.0,6082.100000000002,financialexpress_nifty50_1year.csv,5730.100000000002
2025-02-11,23390.05,22986.65,25986.0,26888.0,6497.299999999999,25808.0,26844.0,6275.299999999999,25831.0,26995.0,6449.299999999999,25969.0,26848.0,6440.299999999999,25878.0,26911.0,6412.299999999999,25879.0,26849.0,6351.299999999999,25994.0,26914.0,6531.299999999999,25820.0,26820.0,6263.299999999999,25973.0,26929.0,6525.299999999999,25863.0,26980.0,6466.299999999999,moneycontrol_nifty50_1year.csv,6263.299999999999
2025-02-12,23144.7,22798.35,25872.0,26955.0,6883.950000000001,25972.0,26924.0,6952.950000000001,25841.0,26933.0,6830.950000000001,25956.0,26857.0,6869.950000000001,25864.0,26943.0,6863.950000000001,25923.0,26923.0,6902.950000000001,25968.0,26855.0,6879.950000000001,25807.0,26939.0,6802.950000000001,25910.0,26859.0,6825.950000000001,25899.0,26819.0,6774.950000000001,timesnowbusiness_nifty50_1year.csv,6774.950000000001
2025-02-13,23235.5,22992.2,25844.0,26936.0,6552.299999999999,25959.0,26976.0,6707.299999999999,25836.0,26992.0,6600.299999999999,25882.0,26953.0,6607.299999999999,25912.0,26952.0,6636.299999999999,25912.0,26924.0,6608.299999999999,25862.0,26895.0,6529.299999999999,25977.0,26854.0,6603.299999999999,25853.0,26814.0,6439.299999999999,25970.0,26929.0,6671.299999999999,ndtvprofit_nifty50_1year.csv,6439.299999999999
2025-02-14,23133.7,22774.85,25898.0,26997.0,6986.450000000001,25977.0,26870.0,6938.450000000001,25870.0,26847.0,6808.450000000001,25850.0,26812.0,6753.450000000001,25930.0,26992.0,7013.450000000001,25938.0,26950.0,6979.450000000001,25840.0,26979.0,6910.450000000001,25853.0,26926.0,6870.450000000001,25847.0,26856.0,6794.450000000001,25879.0,26963.0,6933.450000000001,etnow_nifty50_1year.csv,6753.450000000001
2025-02-17,22974.2,22725.45,25865.0,26832.0,6997.3499999999985,25987.0,26989.0,7276.3499999999985,25877.0,26816.0,6993.3499999999985,25855.0,26884.0,7039.3499999999985,25946.0,26949.0,7195.3499999999985,25903.0,26847.0,7050.3499999999985,25959.0,26906.0,7165.3499999999985,25931.0,26910.0,7141.3499999999985,25817.0,26931.0,7048.3499999999985,25876.0,26898.0,7074.3499999999985,economictimeslive_nifty50_1year.csv,6993.3499999999985
2025-02-18,22992.5,22801.5,25955.0,26922.0,7083.0,25969.0,26854.0,7029.0,25883.0,26809.0,6898.0,25928.0,26898.0,7032.0,25912.0,26966.0,7084.0,25918.0,26982.0,7106.0,25841.0,26946.0,6993.0,25834.0,26999.0,7039.0,25942.0,26840.0,6988.0,25825.0,26944.0,6975.0,economictimeslive_nifty50_1year.csv,6898.0
2025-02-19,23049.95,22814.85,25920.0,26820.0,6875.200000000001,25975.0,26903.0,7013.200000000001,25867.0,26982.0,6984.200000000001,25823.0,26989.0,6947.200000000001,25948.0,26926.0,7009.200000000001,25824.0,26983.0,6942.200000000001,25829.0,26810.0,6774.200000000001,25834.0,26946.0,6915.200000000001,25939.0,26861.0,6935.200000000001,25802.0,27000.0,6937.200000000001,mint_nifty50_1year.csv,6774.200000000001
2025-02-20,22923.85,22812.75,25847.0,26829.0,6939.4000000000015,25932.0,26807.0,7002.4000000000015,25843.0,26926.0,7032.4000000000015,25820.0,26814.0,6897.4000000000015,25872.0,26922.0,7057.4000000000015,25955.0,26881.0,7099.4000000000015,25910.0,26960.0,7133.4000000000015,25969.0,26826.0,7058.4000000000015,25816.0,26868.0,6947.4000000000015,25974.0,26816.0,7053.4000000000015,etnow_nifty50_1year.csv,6897.4000000000015
2025-02-21,22921.0,22720.3,25842.0,26921.0,7121.700000000001,25813.0,26898.0,7069.700000000001,25992.0,26981.0,7331.700000000001,25899.0,26955.0,7212.700000000001,25980.0,26955.0,7293.700000000001,25888.0,26847.0,7093.700000000001,25890.0,26966.0,7214.700000000001,25876.0,27000.0,7234.700000000001,25955.0,26881.0,7194.700000000001,25829.0,26827.0,7014.700000000001,timesnowbusiness_nifty50_1year.csv,7014.700000000001
2025-02-24,22668.05,22518.8,25964.0,26968.0,7745.1500000000015,25978.0,26975.0,7766.1500000000015,25932.0,26861.0,7606.1500000000015,25943.0,26999.0,7755.1500000000015,25848.0,26869.0,7530.1500000000015,25979.0,26949.0,7741.1500000000015,25920.0,26837.0,7570.1500000000015,25961.0,26899.0,7673.1500000000015,25855.0,26853.0,7521.1500000000015,25890.0,26927.0,7630.1500000000015,ndtvprofit_nifty50_1year.csv,7521.1500000000015
2025-02-25,22625.3,22513.9,25983.0,26988.0,7831.799999999999,25980.0,26919.0,7759.799999999999,25944.0,26909.0,7713.799999999999,25909.0,26826.0,7595.799999999999,25921.0,26982.0,7763.799999999999,25815.0,26958.0,7633.799999999999,25939.0,26968.0,7767.799999999999,25881.0,26829.0,7570.799999999999,25880.0,26921.0,7661.799999999999,25896.0,26979.0,7735.799999999999,moneycontrol_nifty50_1year.csv,7570.799999999999
2025-02-26,,,25874.0,26968.0,,25866.0,26815.0,,25954.0,26945.0,,25829.0,26801.0,,25830.0,26948.0,,25807.0,26842.0,,25995.0,26965.0,,25946.0,26952.0,,25862.0,26920.0,,25985.0,26898.0,,,
2025-02-27,22613.3,22508.4,25854.0,26979.0,7711.299999999999,25960.0,26877.0,7715.299999999999,25820.0,26935.0,7633.299999999999,25967.0,26927.0,7772.299999999999,25880.0,26966.0,7724.299999999999,25991.0,26881.0,7750.299999999999,25995.0,26905.0,7778.299999999999,25837.0,26880.0,7595.299999999999,25925.0,26835.0,7638.299999999999,25939.0,26988.0,7805.299999999999,moneycontrol_nifty50_1year.csv,7595.299999999999
2025-02-28,22450.35,22104.85,25948.0,26984.0,8376.800000000003,25835.0,26857.0,8136.800000000003,25953.0,26960.0,8357.800000000003,25861.0,26845.0,8150.800000000003,25871.0,26838.0,8153.800000000003,25994.0,26883.0,8321.800000000003,25944.0,26857.0,8245.800000000003,25870.0,26970.0,8284.800000000003,25890.0,26858.0,8192.800000000003,25824.0,26949.0,8217.800000000003,cnbc_nifty50_1year.csv,8136.800000000003
2025-03-03,22261.55,22004.7,25808.0,26882.0,8423.75,25988.0,26821.0,8542.75,25860.0,26928.0,8521.75,25876.0,26984.0,8593.75,25923.0,26805.0,8461.75,25930.0,26999.0,8662.75,25988.0,26895.0,8616.75,25806.0,26846.0,8385.75,25881.0,26859.0,8473.75,25837.0,26965.0,8535.75,moneycontrol_nifty50_1year.csv,8385.75
2025-03-04,22105.05,21964.6,25976.0,26902.0,8808.350000000002,25837.0,26980.0,8747.350000000002,25961.0,26880.0,8771.350000000002,25803.0,26906.0,8639.350000000002,25831.0,26824.0,8585.350000000002,25860.0,26859.0,8649.350000000002,26000.0,26948.0,8878.350000000002,25841.0,26911.0,8682.350000000002,25834.0,26827.0,8591.350000000002,25994.0,26981.0,8905.350000000002,financialexpress_nifty50_1year.csv,8585.350000000002
2025-03-05,22394.9,22067.8,25809.0,26821.0,8167.299999999999,25957.0,26839.0,8333.3,25829.0,26984.0,8350.3,25812.0,26984.0,8333.3,25830.0,26869.0,8236.3,25977.0,26877.0,8391.3,25902.0,26990.0,8429.3,25906.0,26850.0,8293.3,25959.0,26949.0,8445.3,25972.0,26851.0,8360.3,bloomberg_nifty50_1year.csv,8167.299999999999
2025-03-06,22556.45,22245.85,25832.0,26923.0,7952.700000000001,25836.0,26855.0,7888.700000000001,25841.0,26899.0,7937.700000000001,25990.0,26965.0,8152.700000000001,25881.0,26898.0,7976.700000000001,25882.0,26926.0,8005.700000000001,25885.0,26951.0,8033.700000000001,25950.0,26932.0,8079.700000000001,25813.0,26809.0,7819.700000000001,25851.0,26970.0,8018.700000000001,ndtvprofit_nifty50_1year.csv,7819.700000000001
2025-03-07,22633.8,22464.75,25882.0,26942.0,7725.450000000001,25982.0,26849.0,7732.450000000001,25826.0,26875.0,7602.450000000001,25996.0,26831.0,7728.450000000001,25944.0,26834.0,7679.450000000001,25833.0,26917.0,7651.450000000001,25985.0,27000.0,7886.450000000001,25877.0,26857.0,7635.450000000001,25825.0,26959.0,7685.450000000001,25957.0,26804.0,7662.450000000001,economictimeslive_nifty50_1year.csv,7602.450000000001
2025-03-10,22676.75,22429.05,25858.0,26818.0,7570.200000000001,25858.0,26954.0,7706.200000000001,25831.0,26855.0,7580.200000000001,25820.0,26868.0,7582.200000000001,25993.0,26983.0,7870.200000000001,25868.0,26910.0,7672.200000000001,25953.0,26811.0,7658.200000000001,25804.0,26867.0,7565.200000000001,25816.0,26951.0,7661.200000000001,25879.0,26801.0,7574.200000000001,moneycontrol_nifty50_1year.csv,7565.200000000001
2025-03-11,22522.1,22314.7,25973.0,26837.0,7973.200000000001,26000.0,26844.0,8007.200000000001,26000.0,26800.0,7963.200000000001,25956.0,26963.0,8082.200000000001,25926.0,26823.0,7912.200000000001,25875.0,26933.0,7971.200000000001,25859.0,26956.0,7978.200000000001,25993.0,26919.0,8075.200000000001,25979.0,26912.0,8054.200000000001,25841.0,26828.0,7832.200000000001,timesnowbusiness_nifty50_1year.csv,7832.200000000001
2025-03-12,22577.4,22329.55,25824.0,26942.0,7859.049999999999,25809.0,26936.0,7838.049999999999,25976.0,26803.0,7872.049999999999,25923.0,26914.0,7930.049999999999,25878.0,26923.0,7894.049999999999,25929.0,26885.0,7907.049999999999,25896.0,26814.0,7803.049999999999,25895.0,26819.0,7807.049999999999,25992.0,26813.0,7898.049999999999,25937.0,26957.0,7987.049999999999,mint_nifty50_1year.csv,7803.049999999999
2025-03-13,22558.05,22377.35,25957.0,26838.0,7859.600000000002,25976.0,26855.0,7895.600000000002,25901.0,26986.0,7951.600000000002,25957.0,26894.0,7915.600000000002,25891.0,26891.0,7846.600000000002,25866.0,26816.0,7746.600000000002,25908.0,26978.0,7950.600000000002,25985.0,26819.0,7868.600000000002,25899.0,26804.0,7767.600000000002,25977.0,26873.0,7914.600000000002,indiatodaybusiness_nifty50_1year.csv,7746.600000000002
2025-03-14,,,25909.0,26893.0,,25856.0,26992.0,,25949.0,26865.0,,25963.0,26943.0,,25977.0,26851.0,,25897.0,26994.0,,25864.0,26857.0,,25820.0,26996.0,,25958.0,26998.0,,25830.0,26945.0,,,
2025-03-17,22577.0,22353.15,25868.0,26846.0,7783.8499999999985,25817.0,26925.0,7811.8499999999985,25996.0,26944.0,8009.8499999999985,25801.0,26844.0,7714.8499999999985,25908.0,26930.0,7907.8499999999985,25817.0,26876.0,7762.8499999999985,25958.0,26919.0,7946.8499999999985,25830.0,26852.0,7751.8499999999985,25872.0,26817.0,7758.8499999999985,25848.0,26948.0,7865.8499999999985,etnow_nifty50_1year.csv,7714.8499999999985
2025-03-18,22857.8,22599.2,25980.0,26819.0,7342.0,25961.0,26809.0,7313.0,25905.0,26818.0,7266.0,25834.0,26972.0,7349.0,25979.0,26931.0,7453.0,25927.0,26861.0,7331.0,25883.0,26877.0,7303.0,25837.0,26983.0,7363.0,25816.0,26838.0,7197.0,25837.0,26924.0,7304.0,ndtvprofit_nifty50_1year.csv,7197.0
2025-03-19,22940.7,22807.95,25993.0,26943.0,7187.3499999999985,25886.0,26893.0,7030.3499999999985,25896.0,26895.0,7042.3499999999985,25880.0,26926.0,7057.3499999999985,25837.0,26983.0,7071.3499999999985,25819.0,26891.0,6961.3499999999985,25817.0,26993.0,7061.3499999999985,25809.0,26984.0,7044.3499999999985,25817.0,26909.0,6977.3499999999985,25948.0,26904.0,7103.3499999999985,indiatodaybusiness_nifty50_1year.csv,6961.3499999999985
2025-03-20,23216.7,22973.95,25840.0,26992.0,6641.3499999999985,25877.0,26910.0,6596.3499999999985,25981.0,26827.0,6617.3499999999985,25853.0,26919.0,6581.3499999999985,25855.0,26914.0,6578.3499999999985,25925.0,27000.0,6734.3499999999985,25826.0,26952.0,6587.3499999999985,25916.0,26827.0,6552.3499999999985,25930.0,26871.0,6610.3499999999985,25996.0,26897.0,6702.3499999999985,moneycontrol_nifty50_1year.csv,6552.3499999999985
2025-03-21,23402.7,23132.8,25991.0,26803.0,6258.5,25938.0,26939.0,6341.5,25866.0,26858.0,6188.5,25877.0,26982.0,6323.5,25853.0,26993.0,6310.5,25857.0,26956.0,6277.5,25975.0,26801.0,6240.5,25834.0,26888.0,6186.5,25821.0,26814.0,6099.5,25846.0,26857.0,6167.5,ndtvprofit_nifty50_1year.csv,6099.5
2025-03-24,23708.75,23433.5,25900.0,26820.0,5577.75,25901.0,26844.0,5602.75,26000.0,26892.0,5749.75,25890.0,26964.0,5711.75,25990.0,26846.0,5693.75,25875.0,26854.0,5586.75,25819.0,26801.0,5477.75,25817.0,26958.0,5632.75,25904.0,26895.0,5656.75,25983.0,26914.0,5754.75,mint_nifty50_1year.csv,5477.75
2025-03-25,23869.6,23601.4,25980.0,26992.0,5501.0,25911.0,26940.0,5380.0,25970.0,26936.0,5435.0,25983.0,26968.0,5480.0,25968.0,26872.0,5369.0,25939.0,26835.0,5303.0,25925.0,26937.0,5391.0,25929.0,26990.0,5448.0,25871.0,26944.0,5344.0,25990.0,26996.0,5515.0,indiatodaybusiness_nifty50_1year.csv,5303.0
2025-03-26,23736.5,23451.7,25932.0,26964.0,5707.799999999999,25969.0,26852.0,5632.799999999999,25811.0,26881.0,5503.799999999999,25809.0,26829.0,5449.799999999999,25834.0,26852.0,5497.799999999999,25802.0,26948.0,5561.799999999999,25916.0,26948.0,5675.799999999999,25821.0,26829.0,5461.799999999999,25802.0,26901.0,5514.799999999999,25993.0,26842.0,5646.799999999999,etnow_nifty50_1year.csv,5449.799999999999
2025-03-27,23646.45,23412.2,25859.0,26987.0,5787.3499999999985,25834.0,26839.0,5614.3499999999985,25844.0,26993.0,5778.3499999999985,25913.0,26963.0,5817.3499999999985,25984.0,26857.0,5782.3499999999985,25911.0,26899.0,5751.3499999999985,25898.0,26879.0,5718.3499999999985,25947.0,26880.0,5768.3499999999985,25956.0,26969.0,5866.3499999999985,25809.0,26970.0,5720.3499999999985,cnbc_nifty50_1year.csv,5614.3499999999985
2025-03-28,23649.2,23450.2,25972.0,26933.0,5805.5999999999985,25943.0,26986.0,5829.5999999999985,25869.0,26899.0,5668.5999999999985,25880.0,26895.0,5675.5999999999985,25935.0,26941.0,5776.5999999999985,25921.0,26872.0,5693.5999999999985,25841.0,26956.0,5697.5999999999985,25838.0,26934.0,5672.5999999999985,25972.0,26828.0,5700.5999999999985,25957.0,26901.0,5758.5999999999985,economictimeslive_nifty50_1year.csv,5668.5999999999985
2025-04-01,23565.15,23136.4,25990.0,26974.0,6262.449999999997,25998.0,26925.0,6221.449999999997,25802.0,26822.0,5922.449999999997,25837.0,26960.0,6095.449999999997,25880.0,26981.0,6159.449999999997,25937.0,26874.0,6109.449999999997,25978.0,26866.0,6142.449999999997,25931.0,26804.0,6033.449999999997,25838.0,26982.0,6118.449999999997,25847.0,26980.0,6125.449999999997,economictimeslive_nifty50_1year.csv,5922.449999999997
2025-04-02,23350.0,23158.45,25810.0,26917.0,6218.549999999999,25839.0,26976.0,6306.549999999999,25840.0,26971.0,6302.549999999999,25913.0,26872.0,6276.549999999999,25825.0,26837.0,6153.549999999999,25887.0,26888.0,6266.549999999999,25852.0,26996.0,6339.549999999999,25923.0,26992.0,6406.549999999999,25986.0,26884.0,6361.549999999999,25836.0,26876.0,6203.549999999999,financialexpress_nifty50_1year.csv,6153.549999999999
2025-04-03,23306.5,23145.8,25876.0,26895.0,6318.700000000001,25827.0,26825.0,6199.700000000001,25959.0,26848.0,6354.700000000001,25932.0,26916.0,6395.700000000001,25944.0,26967.0,6458.700000000001,25918.0,26854.0,6319.700000000001,25841.0,26999.0,6387.700000000001,25801.0,26839.0,6187.700000000001,25992.0,26907.0,6446.700000000001,25875.0,26827.0,6249.700000000001,moneycontrol_nifty50_1year.csv,6187.700000000001
2025-04-04,23214.7,22857.45,25939.0,26830.0,6696.8499999999985,25889.0,26868.0,6684.8499999999985,25855.0,26934.0,6716.8499999999985,25848.0,27000.0,6775.8499999999985,25850.0,26940.0,6717.8499999999985,25935.0,26846.0,6708.8499999999985,25921.0,26975.0,6823.8499999999985,25842.0,26921.0,6690.8499999999985,25802.0,26864.0,6593.8499999999985,25861.0,26839.0,6627.8499999999985,ndtvprofit_nifty50_1year.csv,6593.8499999999985
2025-04-07,22254.0,21743.65,25866.0,26868.0,8736.349999999999,25990.0,26852.0,8844.349999999999,25883.0,26902.0,8787.349999999999,26000.0,26937.0,8939.349999999999,25913.0,26975.0,8890.349999999999,25880.0,26809.0,8691.349999999999,25822.0,26908.0,8732.349999999999,25893.0,26951.0,8846.349999999999,25979.0,26956.0,8937.349999999999,25966.0,26919.0,8887.349999999999,indiatodaybusiness_nifty50_1year.csv,8691.349999999999
2025-04-08,22697.2,22270.85,25930.0,26913.0,7874.950000000001,25939.0,26940.0,7910.950000000001,25804.0,26801.0,7636.950000000001,25848.0,26832.0,7711.950000000001,25896.0,26913.0,7840.950000000001,25982.0,26809.0,7822.950000000001,25893.0,26899.0,7823.950000000001,25907.0,26878.0,7816.950000000001,26000.0,26859.0,7890.950000000001,25889.0,26897.0,7817.950000000001,economictimeslive_nifty50_1year.csv,7636.950000000001
2025-04-09,22468.7,22353.25,25944.0,26876.0,7998.049999999999,25896.0,26898.0,7972.049999999999,25800.0,26969.0,7947.049999999999,25883.0,26951.0,8012.049999999999,25978.0,26868.0,8024.049999999999,25912.0,26976.0,8066.049999999999,25801.0,26840.0,7819.049999999999,25897.0,26804.0,7879.049999999999,25992.0,26942.0,8112.049999999999,25990.0,26848.0,8016.049999999999,mint_nifty50_1year.csv,7819.049999999999
2025-04-10,,,25911.0,26873.0,,25868.0,26966.0,,25945.0,26908.0,,25873.0,26890.0,,25945.0,26903.0,,25963.0,26885.0,,25872.0,26980.0,,25800.0,26959.0,,25976.0,26891.0,,25897.0,26994.0,,,
2025-04-11,22923.9,22695.4,,,,,,,,,,,,,,,,,,,,,,,,,,,,,,,,
2025-04-14,,,25873.0,26897.0,,25897.0,26999.0,,25812.0,26925.0,,25905.0,26888.0,,25920.0,26943.0,,25885.0,26892.0,,25990.0,26840.0,,25994.0,26907.0,,25921.0,26812.0,,25914.0,27000.0,,,
2025-04-15,23368.35,23207.0,26000.0,26996.0,6420.6500000000015,25899.0,26800.0,6123.6500000000015,25810.0,26921.0,6155.6500000000015,25892.0,26895.0,6211.6500000000015,25821.0,26877.0,6122.6500000000015,25982.0,26856.0,6262.6500000000015,25987.0,26804.0,6215.6500000000015,25949.0,26945.0,6318.6500000000015,25810.0,26968.0,6202.6500000000015,25946.0,26943.0,6313.6500000000015,financialexpress_nifty50_1year.csv,6122.6500000000015
2025-04-16,23452.2,23273.05,25878.0,26805.0,5957.75,25923.0,26937.0,6134.75,25964.0,26941.0,6179.75,25837.0,26824.0,5935.75,25980.0,26986.0,6240.75,25826.0,26823.0,5923.75,25809.0,26841.0,5924.75,25827.0,26845.0,5946.75,25864.0,26973.0,6111.75,25933.0,26911.0,6118.75,indiatodaybusiness_nifty50_1year.csv,5923.75
2025-04-17,23872.35,23298.55,,,,,,,,,,,,,,,,,,,,,,,,,,,,,,,,
2025-04-18,,,25928.0,26828.0,,25831.0,26980.0,,25851.0,26831.0,,25820.0,26955.0,,25801.0,26830.0,,25886.0,26985.0,,25895.0,26882.0,,25834.0,26810.0,,25818.0,26874.0,,25816.0,26877.0,,,
2025-04-21,24189.55,23903.65,,,,,,,,,,,,,,,,,,,,,,,,,,,,,,,,
2025-04-22,24242.6,24072.0,25952.0,26943.0,4580.4000000000015,25891.0,26839.0,4415.4000000000015,25956.0,26852.0,4493.4000000000015,25949.0,26957.0,4591.4000000000015,25923.0,26860.0,4468.4000000000015,25893.0,26939.0,4517.4000000000015,25855.0,26920.0,4460.4000000000015,25828.0,26911.0,4424.4000000000015,25917.0,26819.0,4421.4000000000015,25949.0,26976.0,4610.4000000000015,cnbc_nifty50_1year.csv,4415.4000000000015
2025-04-23,24359.3,24119.95,25830.0,26840.0,4190.75,25971.0,26934.0,4425.75,25911.0,26945.0,4376.75,25976.0,26956.0,4452.75,25889.0,26932.0,4341.75,25998.0,26906.0,4424.75,25939.0,26957.0,4416.75,25997.0,26955.0,4472.75,25815.0,26862.0,4197.75,25950.0,26974.0,4444.75,bloomberg_nifty50_1year.csv,4190.75
2025-04-24,24347.85,24216.15,25830.0,26858.0,4124.0,25868.0,26956.0,4260.0,25911.0,26999.0,4346.0,25874.0,26921.0,4231.0,25930.0,26891.0,4257.0,25872.0,26968.0,4276.0,25992.0,26870.0,4298.0,25980.0,26953.0,4369.0,25979.0,26898.0,4313.0,25932.0,26806.0,4174.0,bloomberg_nifty50_1year.csv,4124.0
2025-04-25,24365.45,23847.85,25989.0,26827.0,4602.700000000001,25897.0,26946.0,4629.700000000001,25904.0,26887.0,4577.700000000001,25882.0,26954.0,4622.700000000001,25896.0,26965.0,4647.700000000001,25922.0,26900.0,4608.700000000001,25899.0,26938.0,4623.700000000001,25957.0,26817.0,4560.700000000001,25811.0,26882.0,4479.700000000001,25857.0,26935.0,4578.700000000001,ndtvprofit_nifty50_1year.csv,4479.700000000001
2025-04-28,24355.1,24054.05,25832.0,26827.0,4249.850000000002,25920.0,26956.0,4466.850000000002,25863.0,26984.0,4437.850000000002,25856.0,26890.0,4336.850000000002,25812.0,26936.0,4338.850000000002,25892.0,26904.0,4386.850000000002,25800.0,26966.0,4356.850000000002,25948.0,26839.0,4377.850000000002,25891.0,26919.0,4400.850000000002,25901.0,26807.0,4298.850000000002,bloomberg_nifty50_1year.csv,4249.850000000002
2025-04-29,24457.65,24290.75,25996.0,26869.0,4116.5999999999985,25827.0,26982.0,4060.5999999999985,25884.0,26994.0,4129.5999999999985,25956.0,26924.0,4131.5999999999985,25816.0,26843.0,3910.5999999999985,25927.0,26940.0,4118.5999999999985,25879.0,26839.0,3969.5999999999985,25837.0,26864.0,3952.5999999999985,25886.0,26900.0,4037.5999999999985,25917.0,26897.0,4065.5999999999985,financialexpress_nifty50_1year.csv,3910.5999999999985
2025-04-30,24396.15,24198.75,25978.0,26852.0,4235.0999999999985,25890.0,26962.0,4257.0999999999985,25810.0,26964.0,4179.0999999999985,25825.0,26934.0,4164.0999999999985,25880.0,26998.0,4283.0999999999985,25871.0,26840.0,4116.0999999999985,25949.0,26905.0,4259.0999999999985,25983.0,27000.0,4388.0999999999985,25807.0,26846.0,4058.0999999999985,25835.0,26812.0,4052.0999999999985,timesnowbusiness_nifty50_1year.csv,4052.0999999999985
2025-05-01,,,25824.0,26804.0,,25808.0,26931.0,,25916.0,26956.0,,25966.0,26912.0,,25923.0,26972.0,,25950.0,26872.0,,25814.0,26997.0,,25908.0,26813.0,,25968.0,26862.0,,25969.0,26955.0,,,
2025-05-02,24589.15,24238.5,25824.0,26901.0,3897.3499999999985,25907.0,26802.0,3881.3499999999985,25858.0,26971.0,4001.3499999999985,25925.0,26971.0,4068.3499999999985,25928.0,26899.0,3999.3499999999985,25961.0,26804.0,3937.3499999999985,25926.0,26956.0,4054.3499999999985,25956.0,26816.0,3944.3499999999985,25821.0,26985.0,3978.3499999999985,25833.0,26897.0,3902.3499999999985,cnbc_nifty50_1year.csv,3881.3499999999985
2025-05-05,24526.4,24400.65,25852.0,26906.0,3830.949999999997,25930.0,26945.0,3947.949999999997,25815.0,26913.0,3800.949999999997,25833.0,26908.0,3813.949999999997,25852.0,26826.0,3750.949999999997,25823.0,26908.0,3803.949999999997,25892.0,26938.0,3902.949999999997,25847.0,26863.0,3782.949999999997,25939.0,26967.0,3978.949999999997,25947.0,26940.0,3959.949999999997,financialexpress_nifty50_1year.csv,3750.949999999997
2025-05-06,24509.65,24331.8,25901.0,26986.0,4045.5499999999993,25834.0,26861.0,3853.5499999999993,25967.0,26984.0,4109.549999999999,25926.0,26919.0,4003.5499999999993,25967.0,26916.0,4041.5499999999993,25937.0,26852.0,3947.5499999999993,25808.0,26935.0,3901.5499999999993,25845.0,26986.0,3989.5499999999993,25803.0,26979.0,3940.5499999999993,25979.0,26939.0,4076.5499999999993,cnbc_nifty50_1year.csv,3853.5499999999993
2025-05-07,24449.6,24220.0,25968.0,26871.0,4169.4000000000015,25974.0,26967.0,4271.4000000000015,25972.0,26968.0,4270.4000000000015,25844.0,26864.0,4038.4000000000015,25982.0,26954.0,4266.4000000000015,25854.0,26877.0,4061.4000000000015,25840.0,26809.0,3979.4000000000015,25871.0,26802.0,4003.4000000000015,25940.0,26872.0,4142.4000000000015,25914.0,26873.0,4117.4000000000015,mint_nifty50_1year.csv,3979.4000000000015
2025-05-08,24447.25,24150.2,25884.0,26994.0,4280.549999999999,25990.0,26941.0,4333.549999999999,25972.0,26915.0,4289.549999999999,25946.0,26947.0,4295.549999999999,25869.0,26913.0,4184.549999999999,25972.0,26864.0,4238.549999999999,25865.0,26932.0,4199.549999999999,25815.0,26882.0,4099.549999999999,25820.0,26967.0,4189.549999999999,25876.0,26901.0,4179.549999999999,moneycontrol_nifty50_1year.csv,4099.549999999999
2025-05-09,24164.25,23935.75,25868.0,26828.0,4596.0,25822.0,26873.0,4595.0,26000.0,26874.0,4774.0,25899.0,26810.0,4609.0,25890.0,26988.0,4778.0,25970.0,26915.0,4785.0,25935.0,26829.0,4664.0,25981.0,26931.0,4812.0,25852.0,27000.0,4752.0,25905.0,26882.0,4687.0,cnbc_nifty50_1year.csv,4595.0
2025-05-12,24944.8,24378.85,25970.0,26968.0,3614.350000000002,25941.0,26900.0,3517.350000000002,25814.0,26813.0,3303.350000000002,25880.0,26927.0,3483.350000000002,25829.0,26886.0,3391.350000000002,25812.0,26863.0,3351.350000000002,25983.0,26826.0,3485.350000000002,25834.0,26818.0,3328.350000000002,25808.0,26893.0,3377.350000000002,25992.0,26960.0,3628.350000000002,economictimeslive_nifty50_1year.csv,3303.350000000002
2025-05-13,24973.8,24547.5,25996.0,26912.0,3386.7000000000007,25969.0,26951.0,3398.7000000000007,25917.0,26840.0,3235.7000000000007,25918.0,26963.0,3359.7000000000007,25936.0,26873.0,3287.7000000000007,25952.0,26808.0,3238.7000000000007,25910.0,26964.0,3352.7000000000007,25835.0,26855.0,3168.7000000000007,25908.0,26968.0,3354.7000000000007,25917.0,26810.0,3205.7000000000007,moneycontrol_nifty50_1year.csv,3168.7000000000007
2025-05-14,24767.55,24535.55,25986.0,26977.0,3659.9000000000015,25914.0,26952.0,3562.9000000000015,25856.0,26814.0,3366.9000000000015,25999.0,26808.0,3503.9000000000015,25859.0,26910.0,3465.9000000000015,25936.0,26872.0,3504.9000000000015,25847.0,26835.0,3378.9000000000015,25946.0,26950.0,3592.9000000000015,25816.0,26937.0,3449.9000000000015,25854.0,26923.0,3473.9000000000015,economictimeslive_nifty50_1year.csv,3366.9000000000015
2025-05-15,25116.25,24494.45,25876.0,26906.0,3171.2999999999993,25835.0,26873.0,3097.2999999999993,25923.0,26909.0,3221.2999999999993,25924.0,26922.0,3235.2999999999993,25957.0,26858.0,3204.2999999999993,25911.0,26945.0,3245.2999999999993,25976.0,26905.0,3270.2999999999993,25897.0,26881.0,3167.2999999999993,25880.0,26818.0,3087.2999999999993,25853.0,26891.0,3133.2999999999993,ndtvprofit_nifty50_1year.csv,3087.2999999999993
2025-05-16,25070.0,24953.05,25879.0,26848.0,2703.9500000000007,25902.0,26893.0,2771.9500000000007,25855.0,26975.0,2806.9500000000007,25977.0,26922.0,2875.9500000000007,25887.0,26897.0,2760.9500000000007,25804.0,26962.0,2742.9500000000007,25872.0,26977.0,2825.9500000000007,25839.0,26995.0,2810.9500000000007,25872.0,26941.0,2789.9500000000007,25857.0,26914.0,2747.9500000000007,bloomberg_nifty50_1year.csv,2703.9500000000007
2025-05-19,25062.95,24916.65,25922.0,26922.0,2864.399999999998,25837.0,26875.0,2732.399999999998,25953.0,26914.0,2887.399999999998,25850.0,26806.0,2676.399999999998,25820.0,26812.0,2652.399999999998,25946.0,26923.0,2889.399999999998,25924.0,26990.0,2934.399999999998,25997.0,26839.0,2856.399999999998,25938.0,26831.0,2789.399999999998,25805.0,26863.0,2688.399999999998,financialexpress_nifty50_1year.csv,2652.399999999998
2025-05-20,25010.35,24669.7,25813.0,26923.0,3055.9500000000007,25804.0,26975.0,3098.9500000000007,25945.0,26941.0,3205.9500000000007,25886.0,26876.0,3081.9500000000007,25888.0,26943.0,3150.9500000000007,25992.0,26905.0,3216.9500000000007,25931.0,26999.0,3249.9500000000007,25930.0,26824.0,3073.9500000000007,25956.0,26873.0,3148.9500000000007,25863.0,26986.0,3168.9500000000007,bloomberg_nifty50_1year.csv,3055.9500000000007
2025-05-21,24946.2,24685.35,25852.0,26911.0,3131.4500000000007,25965.0,26949.0,3282.4500000000007,25963.0,26857.0,3188.4500000000007,25923.0,26809.0,3100.4500000000007,25940.0,26816.0,3124.4500000000007,25983.0,26897.0,3248.4500000000007,25805.0,26980.0,3153.4500000000007,25993.0,26870.0,3231.4500000000007,25844.0,26841.0,3053.4500000000007,25861.0,26837.0,3066.4500000000007,ndtvprofit_nifty50_1year.csv,3053.4500000000007
2025-05-22,24737.5,24462.4,25832.0,26855.0,3487.0999999999985,25902.0,26941.0,3643.0999999999985,25870.0,26897.0,3567.0999999999985,25928.0,26805.0,3533.0999999999985,25918.0,26838.0,3556.0999999999985,25935.0,26859.0,3594.0999999999985,25817.0,26896.0,3513.0999999999985,25853.0,26832.0,3485.0999999999985,25964.0,26814.0,3578.0999999999985,25825.0,26868.0,3493.0999999999985,moneycontrol_nifty50_1year.csv,3485.0999999999985
2025-05-23,24909.05,24614.05,,,,,,,,,,,,,,,,,,,,,,,,,,,,,,,,
2025-05-26,25079.2,24900.5,25801.0,26865.0,2686.2999999999993,25869.0,26833.0,2722.2999999999993,25969.0,26896.0,2885.2999999999993,25905.0,26989.0,2914.2999999999993,25818.0,26917.0,2755.2999999999993,25953.0,26860.0,2833.2999999999993,25803.0,26967.0,2790.2999999999993,25936.0,26862.0,2818.2999999999993,25960.0,26825.0,2805.2999999999993,25860.0,26970.0,2850.2999999999993,bloomberg_nifty50_1year.csv,2686.2999999999993
2025-05-27,25062.9,24704.1,25806.0,26834.0,2873.0,25985.0,26807.0,3025.0,25813.0,26860.0,2906.0,25907.0,26831.0,2971.0,25874.0,26879.0,2986.0,25996.0,26876.0,3105.0,25932.0,26863.0,3028.0,25998.0,26927.0,3158.0,25846.0,26947.0,3026.0,25854.0,26864.0,2951.0,bloomberg_nifty50_1year.csv,2873.0
2025-05-28,24864.25,24737.05,25845.0,26911.0,3154.7000000000007,25881.0,26893.0,3172.7000000000007,25914.0,26820.0,3132.7000000000007,25894.0,26952.0,3244.7000000000007,25859.0,26837.0,3094.7000000000007,25809.0,26894.0,3101.7000000000007,25923.0,26924.0,3245.7000000000007,25832.0,26999.0,3229.7000000000007,25850.0,26843.0,3091.7000000000007,25941.0,26938.0,3277.7000000000007,ndtvprofit_nifty50_1year.csv,3091.7000000000007
2025-05-29,24892.6,24677.3,25833.0,26813.0,3076.100000000002,25957.0,26815.0,3202.100000000002,25862.0,26901.0,3193.100000000002,25834.0,26901.0,3165.100000000002,25881.0,26859.0,3170.100000000002,25986.0,26917.0,3333.100000000002,25802.0,26853.0,3085.100000000002,25838.0,26809.0,3077.100000000002,25816.0,26848.0,3094.100000000002,25907.0,26934.0,3271.100000000002,bloomberg_nifty50_1year.csv,3076.100000000002
2025-05-30,24863.95,24717.4,25987.0,26994.0,3399.649999999998,25883.0,26862.0,3163.649999999998,25870.0,26847.0,3135.649999999998,25944.0,26970.0,3332.649999999998,25987.0,26915.0,3320.649999999998,25885.0,26968.0,3271.649999999998,25941.0,26896.0,3255.649999999998,25927.0,26882.0,3227.649999999998,25925.0,26988.0,3331.649999999998,25905.0,26982.0,3305.649999999998,economictimeslive_nifty50_1year.csv,3135.649999999998
2025-06-02,24754.4,24526.15,25804.0,26895.0,3418.449999999997,25943.0,26861.0,3523.449999999997,25857.0,26811.0,3387.449999999997,25861.0,26923.0,3503.449999999997,25822.0,26970.0,3511.449999999997,25877.0,26868.0,3464.449999999997,25962.0,26845.0,3526.449999999997,25895.0,26885.0,3499.449999999997,25872.0,26956.0,3547.449999999997,25998.0,26888.0,3605.449999999997,economictimeslive_nifty50_1year.csv,3387.449999999997
2025-06-03,24845.1,24502.15,25816.0,26922.0,3390.75,25892.0,26818.0,3362.75,25964.0,26992.0,3608.75,25880.0,26825.0,3357.75,25931.0,26980.0,3563.75,25898.0,26911.0,3461.75,25969.0,26889.0,3510.75,25902.0,26904.0,3458.75,25822.0,26888.0,3362.75,25982.0,26805.0,3439.75,etnow_nifty50_1year.csv,3357.75
2025-06-04,24644.25,24530.45,25806.0,26902.0,3533.2999999999993,25835.0,26857.0,3517.2999999999993,25941.0,26819.0,3585.2999999999993,25810.0,26879.0,3514.2999999999993,25968.0,26940.0,3733.2999999999993,25912.0,26918.0,3655.2999999999993,25903.0,26856.0,3584.2999999999993,25864.0,26839.0,3528.2999999999993,25988.0,26857.0,3670.2999999999993,25948.0,26862.0,3635.2999999999993,etnow_nifty50_1year.csv,3514.2999999999993
2025-06-05,24899.85,24613.1,25856.0,26923.0,3266.050000000003,25808.0,26906.0,3201.050000000003,25815.0,26890.0,3192.050000000003,25846.0,26972.0,3305.050000000003,25817.0,26896.0,3200.050000000003,25839.0,26975.0,3301.050000000003,25908.0,26915.0,3310.050000000003,25985.0,26956.0,3428.050000000003,25913.0,26890.0,3290.050000000003,25997.0,26917.0,3401.050000000003,economictimeslive_nifty50_1year.csv,3192.050000000003
2025-06-06,25029.5,24671.45,25916.0,26823.0,3038.0499999999993,25878.0,26947.0,3124.0499999999993,25868.0,26966.0,3133.0499999999993,25949.0,26910.0,3158.0499999999993,25980.0,26887.0,3166.0499999999993,25969.0,26938.0,3206.0499999999993,25815.0,26880.0,2994.0499999999993,25900.0,26814.0,3013.0499999999993,25849.0,26971.0,3119.0499999999993,25831.0,26875.0,3005.0499999999993,mint_nifty50_1year.csv,2994.0499999999993
2025-06-09,25160.1,25077.15,25855.0,26893.0,2510.75,25920.0,26834.0,2516.75,25959.0,26868.0,2589.75,25893.0,26958.0,2613.75,25927.0,26926.0,2615.75,25819.0,26876.0,2457.75,25959.0,26962.0,2683.75,25916.0,26845.0,2523.75,25888.0,26987.0,2637.75,25878.0,26974.0,2614.75,indiatodaybusiness_nifty50_1year.csv,2457.75
2025-06-10,25199.3,25055.45,25925.0,26810.0,2480.25,25885.0,26868.0,2498.25,25836.0,26853.0,2434.25,25906.0,26912.0,2563.25,25985.0,26858.0,2588.25,25888.0,26871.0,2504.25,25887.0,26804.0,2436.25,25919.0,26902.0,2566.25,25817.0,26916.0,2478.25,25977.0,26869.0,2591.25,economictimeslive_nifty50_1year.csv,2434.25
2025-06-11,25222.4,25081.3,25880.0,26868.0,2444.2999999999993,25990.0,26946.0,2632.2999999999993,25842.0,26950.0,2488.2999999999993,25869.0,26977.0,2542.2999999999993,25827.0,26838.0,2361.2999999999993,25893.0,26967.0,2556.2999999999993,25858.0,26875.0,2429.2999999999993,26000.0,26955.0,2651.2999999999993,25894.0,26841.0,2431.2999999999993,25814.0,26926.0,2436.2999999999993,financialexpress_nifty50_1year.csv,2361.2999999999993
2025-06-12,25196.2,24825.9,25977.0,26964.0,2918.899999999998,25896.0,26978.0,2851.899999999998,25914.0,26958.0,2849.899999999998,25960.0,26989.0,2926.899999999998,25809.0,26828.0,2614.899999999998,25884.0,26992.0,2853.899999999998,25940.0,26848.0,2765.899999999998,25886.0,26871.0,2734.899999999998,25912.0,26806.0,2695.899999999998,25992.0,26840.0,2809.899999999998,financialexpress_nifty50_1year.csv,2614.899999999998
2025-06-13,24754.35,24473.0,25996.0,26949.0,3717.6500000000015,25867.0,26980.0,3619.6500000000015,25841.0,26898.0,3511.6500000000015,25811.0,26909.0,3492.6500000000015,25957.0,26835.0,3564.6500000000015,25819.0,26977.0,3568.6500000000015,25970.0,26912.0,3654.6500000000015,25906.0,26965.0,3643.6500000000015,25916.0,26978.0,3666.6500000000015,25839.0,26888.0,3499.6500000000015,etnow_nifty50_1year.csv,3492.6500000000015
2025-06-16,24967.1,24703.6,25866.0,26910.0,3105.300000000003,25923.0,26952.0,3204.300000000003,25965.0,26908.0,3202.300000000003,25951.0,26942.0,3222.300000000003,25991.0,26928.0,3248.300000000003,25878.0,26944.0,3151.300000000003,25998.0,26954.0,3281.300000000003,25951.0,26841.0,3121.300000000003,25907.0,26918.0,3154.300000000003,25915.0,26902.0,3146.300000000003,bloomberg_nifty50_1year.csv,3105.300000000003
2025-06-17,24982.05,24813.7,25967.0,26827.0,2998.25,25936.0,26958.0,3098.25,25803.0,26809.0,2816.25,25957.0,26817.0,2978.25,25847.0,26829.0,2880.25,25897.0,26870.0,2971.25,25991.0,26935.0,3130.25,25954.0,26847.0,3005.25,25968.0,26854.0,3026.25,25930.0,26825.0,2959.25,economictimeslive_nifty50_1year.csv,2816.25
2025-06-18,24947.55,24750.45,25955.0,26998.0,3255.0,25963.0,26845.0,3110.0,25959.0,26912.0,3173.0,25924.0,26801.0,3027.0,25966.0,26805.0,3073.0,25945.0,26863.0,3110.0,25850.0,26850.0,3002.0,25859.0,26996.0,3157.0,25840.0,26809.0,2951.0,25876.0,26832.0,3010.0,ndtvprofit_nifty50_1year.csv,2951.0
2025-06-19,24863.1,24733.4,25910.0,26916.0,3229.5,25971.0,26912.0,3286.5,25964.0,26848.0,3215.5,25854.0,26960.0,3217.5,25845.0,26996.0,3244.5,25850.0,26822.0,3075.5,25969.0,26848.0,3220.5,25836.0,26906.0,3145.5,25823.0,26905.0,3131.5,25816.0,26876.0,3095.5,indiatodaybusiness_nifty50_1year.csv,3075.5
2025-06-20,25136.2,24783.65,25999.0,26958.0,3037.149999999998,25871.0,26944.0,2895.149999999998,25842.0,26923.0,2845.149999999998,25987.0,26942.0,3009.149999999998,25861.0,26924.0,2865.149999999998,25814.0,26846.0,2740.149999999998,25918.0,26915.0,2913.149999999998,25954.0,26981.0,3015.149999999998,25923.0,26971.0,2974.149999999998,25917.0,26876.0,2873.149999999998,indiatodaybusiness_nifty50_1year.csv,2740.149999999998
2025-06-23,25057.0,24824.85,25984.0,26942.0,3044.1500000000015,25980.0,26951.0,3049.1500000000015,25898.0,26997.0,3013.1500000000015,25851.0,26987.0,2956.1500000000015,25820.0,26911.0,2849.1500000000015,25900.0,26985.0,3003.1500000000015,25867.0,26982.0,2967.1500000000015,25838.0,26877.0,2833.1500000000015,25972.0,26952.0,3042.1500000000015,25859.0,26826.0,2803.1500000000015,timesnowbusiness_nifty50_1year.csv,2803.1500000000015
2025-06-24,25317.7,24999.7,25807.0,26904.0,2393.5999999999985,25931.0,26838.0,2451.5999999999985,25854.0,26874.0,2410.5999999999985,25982.0,26984.0,2648.5999999999985,25998.0,26807.0,2487.5999999999985,25836.0,26823.0,2341.5999999999985,25968.0,26890.0,2540.5999999999985,25858.0,26920.0,2460.5999999999985,25873.0,27000.0,2555.5999999999985,25843.0,26913.0,2438.5999999999985,indiatodaybusiness_nifty50_1year.csv,2341.5999999999985
2025-06-25,25266.8,25125.05,25851.0,26829.0,2288.1500000000015,25884.0,26824.0,2316.1500000000015,25923.0,26914.0,2445.1500000000015,25938.0,26861.0,2407.1500000000015,25978.0,26823.0,2409.1500000000015,25972.0,26856.0,2436.1500000000015,25808.0,26987.0,2403.1500000000015,25825.0,26996.0,2429.1500000000015,25809.0,26924.0,2341.1500000000015,25881.0,26856.0,2345.1500000000015,bloomberg_nifty50_1year.csv,2288.1500000000015
2025-06-26,25565.3,25259.9,25922.0,26859.0,1955.7999999999993,25865.0,26951.0,1990.7999999999993,25926.0,26865.0,1965.7999999999993,25890.0,26822.0,1886.7999999999993,25861.0,26980.0,2015.7999999999993,25959.0,26801.0,1934.7999999999993,25886.0,26986.0,2046.7999999999993,25899.0,26944.0,2017.7999999999993,25902.0,26841.0,1917.7999999999993,25837.0,26964.0,1975.7999999999993,etnow_nifty50_1year.csv,1886.7999999999993
2025-06-27,25654.2,25523.55,25881.0,26859.0,1562.25,25948.0,26910.0,1680.25,25942.0,26982.0,1746.25,25804.0,26985.0,1611.25,25898.0,26982.0,1702.25,25870.0,26888.0,1580.25,25884.0,26986.0,1692.25,25808.0,26938.0,1568.25,25815.0,26895.0,1532.25,25919.0,26979.0,1720.25,ndtvprofit_nifty50_1year.csv,1532.25
2025-06-30,25669.35,25473.3,,,,,,,,,,,,,,,,,,,,,,,,,,,,,,,,
2025-07-01,25593.4,25501.8,25838.0,26894.0,1636.7999999999993,25861.0,26936.0,1701.7999999999993,25978.0,26939.0,1821.7999999999993,25875.0,26904.0,1683.7999999999993,25887.0,26817.0,1608.7999999999993,25829.0,26849.0,1582.7999999999993,25853.0,26931.0,1688.7999999999993,25996.0,26978.0,1878.7999999999993,25958.0,26860.0,1722.7999999999993,25968.0,26975.0,1847.7999999999993,indiatodaybusiness_nifty50_1year.csv,1582.7999999999993
2025-07-02,25608.1,25378.75,25814.0,26825.0,1652.1500000000015,25875.0,26875.0,1763.1500000000015,25943.0,26902.0,1858.1500000000015,25956.0,26856.0,1825.1500000000015,25946.0,26803.0,1762.1500000000015,25913.0,26878.0,1804.1500000000015,25817.0,26956.0,1786.1500000000015,25803.0,26877.0,1693.1500000000015,25996.0,26812.0,1821.1500000000015,25921.0,26871.0,1805.1500000000015,bloomberg_nifty50_1year.csv,1652.1500000000015
2025-07-03,25587.5,25384.35,25950.0,26841.0,1819.1500000000015,25975.0,26812.0,1815.1500000000015,25922.0,26934.0,1884.1500000000015,25895.0,26939.0,1862.1500000000015,25820.0,26972.0,1820.1500000000015,25988.0,26815.0,1831.1500000000015,25877.0,26969.0,1874.1500000000015,25974.0,26914.0,1916.1500000000015,25805.0,26952.0,1785.1500000000015,25859.0,26988.0,1875.1500000000015,ndtvprofit_nifty50_1year.csv,1785.1500000000015
2025-07-04,25470.25,25331.65,25893.0,26942.0,2033.0999999999985,25987.0,26980.0,2165.0999999999985,25999.0,26925.0,2122.0999999999985,25818.0,26886.0,1902.0999999999985,25940.0,26819.0,1957.0999999999985,25800.0,26998.0,1996.0999999999985,25966.0,26866.0,2030.0999999999985,25881.0,26831.0,1910.0999999999985,25815.0,26849.0,1862.0999999999985,25804.0,26919.0,1921.0999999999985,ndtvprofit_nifty50_1year.csv,1862.0999999999985
2025-07-07,25489.8,25407.25,25824.0,26948.0,1874.9500000000007,25927.0,26981.0,2010.9500000000007,25996.0,26977.0,2075.9500000000007,25853.0,26937.0,1892.9500000000007,25915.0,26813.0,1830.9500000000007,25844.0,26946.0,1892.9500000000007,25829.0,26951.0,1882.9500000000007,25849.0,26804.0,1755.9500000000007,25911.0,26897.0,1910.9500000000007,25908.0,26851.0,1861.9500000000007,moneycontrol_nifty50_1year.csv,1755.9500000000007
2025-07-08,25548.05,25424.15,25985.0,26832.0,1844.7999999999993,25996.0,26887.0,1910.7999999999993,25987.0,26869.0,1883.7999999999993,25850.0,26967.0,1844.7999999999993,25940.0,26964.0,1931.7999999999993,25952.0,26938.0,1917.7999999999993,25804.0,26975.0,1806.7999999999993,25935.0,26867.0,1829.7999999999993,25838.0,26808.0,1673.7999999999993,25847.0,26999.0,1873.7999999999993,ndtvprofit_nifty50_1year.csv,1673.7999999999993
2025-07-09,25548.7,25424.35,25934.0,26818.0,1778.9500000000007,25827.0,26949.0,1802.9500000000007,25900.0,26952.0,1878.9500000000007,25960.0,26993.0,1979.9500000000007,25936.0,26956.0,1918.9500000000007,25866.0,26992.0,1884.9500000000007,25877.0,26925.0,1828.9500000000007,25814.0,26984.0,1824.9500000000007,25820.0,26872.0,1718.9500000000007,25877.0,26917.0,1820.9500000000007,ndtvprofit_nifty50_1year.csv,1718.9500000000007
2025-07-10,25524.05,25340.45,25819.0,26868.0,1822.5,25961.0,26945.0,2041.5,25887.0,26933.0,1955.5,25953.0,26954.0,2042.5,25886.0,26929.0,1950.5,25858.0,26900.0,1893.5,25832.0,26982.0,1949.5,25977.0,26834.0,1946.5,25927.0,26802.0,1864.5,25960.0,26860.0,1955.5,bloomberg_nifty50_1year.csv,1822.5
2025-07-11,25322.45,25129.0,25818.0,26823.0,2189.5499999999993,25934.0,26835.0,2317.5499999999993,25890.0,26859.0,2297.5499999999993,25889.0,26960.0,2397.5499999999993,25926.0,26856.0,2330.5499999999993,25957.0,26901.0,2406.5499999999993,25941.0,26898.0,2387.5499999999993,25959.0,26932.0,2439.5499999999993,25906.0,26981.0,2435.5499999999993,25916.0,26858.0,2322.5499999999993,bloomberg_nifty50_1year.csv,2189.5499999999993
2025-07-14,25151.1,25001.95,25948.0,26830.0,2624.9500000000007,25936.0,26891.0,2673.9500000000007,25875.0,26948.0,2669.9500000000007,25920.0,26924.0,2690.9500000000007,25838.0,26877.0,2561.9500000000007,25862.0,26933.0,2641.9500000000007,25934.0,26941.0,2721.9500000000007,25959.0,26807.0,2612.9500000000007,25907.0,26996.0,2749.9500000000007,25859.0,26971.0,2676.9500000000007,financialexpress_nifty50_1year.csv,2561.9500000000007
2025-07-15,25245.2,25088.45,25943.0,26818.0,2427.3499999999985,25961.0,26997.0,2624.3499999999985,25931.0,26976.0,2573.3499999999985,25868.0,26955.0,2489.3499999999985,25857.0,26829.0,2352.3499999999985,25939.0,26942.0,2547.3499999999985,25937.0,26998.0,2601.3499999999985,25828.0,26831.0,2325.3499999999985,25818.0,26943.0,2427.3499999999985,25906.0,26977.0,2549.3499999999985,moneycontrol_nifty50_1year.csv,2325.3499999999985
2025-07-16,25255.3,25121.05,25998.0,26984.0,2605.6500000000015,25930.0,26947.0,2500.6500000000015,25854.0,26983.0,2460.6500000000015,25998.0,26882.0,2503.6500000000015,25916.0,26854.0,2393.6500000000015,25909.0,26936.0,2468.6500000000015,25804.0,26991.0,2418.6500000000015,25872.0,26825.0,2320.6500000000015,25959.0,26857.0,2439.6500000000015,25838.0,26952.0,2413.6500000000015,moneycontrol_nifty50_1year.csv,2320.6500000000015
2025-07-17,25238.35,25101.0,25827.0,26935.0,2422.6500000000015,25983.0,26970.0,2613.6500000000015,25847.0,26951.0,2458.6500000000015,25953.0,26975.0,2588.6500000000015,25952.0,26879.0,2491.6500000000015,25846.0,26821.0,2327.6500000000015,25844.0,26845.0,2349.6500000000015,25825.0,26991.0,2476.6500000000015,25869.0,26932.0,2461.6500000000015,25896.0,26824.0,2380.6500000000015,indiatodaybusiness_nifty50_1year.csv,2327.6500000000015
2025-07-18,25144.6,24918.65,25993.0,26866.0,2795.75,25976.0,26804.0,2716.75,25939.0,26823.0,2698.75,25985.0,26984.0,2905.75,25969.0,26860.0,2765.75,25873.0,26983.0,2792.75,25832.0,26817.0,2585.75,25969.0,26813.0,2718.75,25878.0,26804.0,2618.75,25980.0,26884.0,2800.75,mint_nifty50_1year.csv,2585.75
2025-07-21,25111.4,24882.3,25897.0,26984.0,2887.2999999999993,25920.0,26895.0,2821.2999999999993,25983.0,26864.0,2853.2999999999993,25874.0,26982.0,2862.2999999999993,25888.0,26898.0,2792.2999999999993,25861.0,26872.0,2739.2999999999993,25835.0,26854.0,2695.2999999999993,25805.0,26991.0,2802.2999999999993,25941.0,26863.0,2810.2999999999993,25966.0,26928.0,2900.2999999999993,mint_nifty50_1year.csv,2695.2999999999993
2025-07-22,25182.0,25035.55,25940.0,26947.0,2669.4500000000007,25852.0,26877.0,2511.4500000000007,25850.0,26804.0,2436.4500000000007,25899.0,26871.0,2552.4500000000007,25801.0,26845.0,2428.4500000000007,25842.0,26959.0,2583.4500000000007,25943.0,26993.0,2718.4500000000007,25932.0,26833.0,2547.4500000000007,25833.0,26997.0,2612.4500000000007,25845.0,26823.0,2450.4500000000007,financialexpress_nifty50_1year.csv,2428.4500000000007
2025-07-23,25233.5,25085.5,25948.0,26824.0,2453.0,25927.0,26914.0,2522.0,25943.0,26803.0,2427.0,25890.0,26877.0,2448.0,25919.0,26966.0,2566.0,25999.0,26933.0,2613.0,25931.0,26971.0,2583.0,25849.0,26996.0,2526.0,25807.0,26861.0,2349.0,25873.0,26977.0,2531.0,ndtvprofit_nifty50_1year.csv,2349.0
2025-07-24,25246.25,25018.7,25998.0,26907.0,2640.0499999999993,25817.0,26981.0,2533.0499999999993,25859.0,26835.0,2429.0499999999993,25893.0,26810.0,2438.0499999999993,25832.0,26941.0,2508.0499999999993,25915.0,26847.0,2497.0499999999993,25848.0,26938.0,2521.0499999999993,25947.0,26875.0,2557.0499999999993,25921.0,26949.0,2605.0499999999993,25983.0,26992.0,2710.0499999999993,economictimeslive_nifty50_1year.csv,2429.0499999999993
2025-07-25,25010.35,24806.35,25858.0,26960.0,3001.300000000003,25889.0,26945.0,3017.300000000003,25857.0,26947.0,2987.300000000003,25873.0,26845.0,2901.300000000003,25809.0,26971.0,2963.300000000003,25971.0,26872.0,3026.300000000003,25959.0,26924.0,3066.300000000003,25939.0,26816.0,2938.300000000003,25886.0,26901.0,2970.300000000003,25896.0,26808.0,2887.300000000003,timesnowbusiness_nifty50_1year.csv,2887.300000000003
2025-07-28,24889.2,24646.6,25902.0,26819.0,3185.2000000000007,25896.0,26860.0,3220.2000000000007,25945.0,26910.0,3319.2000000000007,25821.0,26889.0,3174.2000000000007,25942.0,26933.0,3339.2000000000007,25989.0,26803.0,3256.2000000000007,25822.0,26898.0,3184.2000000000007,25816.0,26816.0,3096.2000000000007,25884.0,26846.0,3194.2000000000007,25881.0,26899.0,3244.2000000000007,moneycontrol_nifty50_1year.csv,3096.2000000000007
2025-07-29,24847.15,24598.6,25998.0,26867.0,3419.25,25857.0,26997.0,3408.25,25907.0,26840.0,3301.25,25893.0,26979.0,3426.25,25957.0,26848.0,3359.25,25987.0,26986.0,3527.25,25814.0,26810.0,3178.25,25905.0,26808.0,3267.25,25987.0,26887.0,3428.25,25930.0,26866.0,3350.25,mint_nifty50_1year.csv,3178.25
2025-07-30,24902.3,24771.95,25877.0,26905.0,3107.75,25948.0,26819.0,3092.75,25860.0,26808.0,2993.75,25804.0,26903.0,3032.75,25826.0,26866.0,3017.75,25821.0,26962.0,3108.75,25986.0,26853.0,3164.75,25995.0,26880.0,3200.75,25930.0,26951.0,3206.75,25819.0,26962.0,3106.75,economictimeslive_nifty50_1year.csv,2993.75
2025-07-31,24956.5,24635.0,25968.0,26950.0,3326.5,25902.0,26806.0,3116.5,25907.0,26984.0,3299.5,25875.0,26945.0,3228.5,25991.0,26995.0,3394.5,25922.0,26972.0,3302.5,25851.0,26869.0,3128.5,25962.0,26878.0,3248.5,25827.0,26985.0,3220.5,25910.0,26886.0,3204.5,cnbc_nifty50_1year.csv,3116.5
2025-08-01,24784.15,24535.05,25911.0,26996.0,3587.7999999999993,25911.0,26842.0,3433.7999999999993,25855.0,26969.0,3504.7999999999993,25832.0,26865.0,3377.7999999999993,25903.0,26880.0,3463.7999999999993,25969.0,26933.0,3582.7999999999993,25861.0,26914.0,3455.7999999999993,25865.0,26891.0,3436.7999999999993,25872.0,26985.0,3537.7999999999993,25970.0,26924.0,3574.7999999999993,etnow_nifty50_1year.csv,3377.7999999999993
2025-08-04,24736.25,24554.0,25858.0,26927.0,3494.75,25813.0,26957.0,3479.75,25844.0,26887.0,3440.75,25907.0,26809.0,3425.75,25872.0,26955.0,3536.75,25907.0,26990.0,3606.75,25875.0,26873.0,3457.75,25851.0,26969.0,3529.75,25854.0,26935.0,3498.75,25848.0,26957.0,3514.75,etnow_nifty50_1year.csv,3425.75
2025-08-05,24733.1,24590.3,25925.0,26993.0,3594.600000000002,25987.0,26892.0,3555.600000000002,25848.0,26917.0,3441.600000000002,25891.0,26999.0,3566.600000000002,25960.0,26945.0,3581.600000000002,25970.0,26956.0,3602.600000000002,25902.0,26913.0,3491.600000000002,25872.0,26996.0,3544.600000000002,25904.0,26854.0,3434.600000000002,25951.0,26813.0,3440.600000000002,ndtvprofit_nifty50_1year.csv,3434.600000000002
2025-08-06,24671.4,24539.2,25811.0,26920.0,3520.399999999998,25916.0,26970.0,3675.399999999998,25878.0,26930.0,3597.399999999998,25975.0,26835.0,3599.399999999998,25991.0,26815.0,3595.399999999998,25867.0,26853.0,3509.399999999998,25951.0,26919.0,3659.399999999998,25880.0,26835.0,3504.399999999998,25954.0,26924.0,3667.399999999998,25961.0,26988.0,3738.399999999998,moneycontrol_nifty50_1year.csv,3504.399999999998
2025-08-07,24634.2,24344.15,25875.0,26819.0,3715.649999999998,25958.0,26866.0,3845.649999999998,25977.0,26843.0,3841.649999999998,25978.0,26884.0,3883.649999999998,25906.0,26862.0,3789.649999999998,25825.0,26928.0,3774.649999999998,25964.0,26910.0,3895.649999999998,25976.0,26968.0,3965.649999999998,25881.0,26998.0,3900.649999999998,25800.0,26929.0,3750.649999999998,bloomberg_nifty50_1year.csv,3715.649999999998
2025-08-08,24585.5,24337.5,25938.0,26863.0,3878.0,25828.0,26973.0,3878.0,25845.0,26929.0,3851.0,25966.0,26891.0,3934.0,25873.0,26823.0,3773.0,25961.0,26833.0,3871.0,25878.0,26858.0,3813.0,25915.0,26995.0,3987.0,25958.0,26876.0,3911.0,25886.0,26847.0,3810.0,financialexpress_nifty50_1year.csv,3773.0
2025-08-11,24600.85,24347.45,25965.0,26843.0,3859.7000000000007,25933.0,26896.0,3880.7000000000007,25975.0,26963.0,3989.7000000000007,25893.0,26954.0,3898.7000000000007,25940.0,26876.0,3867.7000000000007,25840.0,27000.0,3891.7000000000007,25895.0,26821.0,3767.7000000000007,25907.0,26880.0,3838.7000000000007,25978.0,26862.0,3891.7000000000007,25892.0,26932.0,3875.7000000000007,mint_nifty50_1year.csv,3767.7000000000007
2025-08-12,24702.6,24465.65,25949.0,26900.0,3680.75,25851.0,27000.0,3682.75,25998.0,26921.0,3750.75,25857.0,26887.0,3575.75,25879.0,26907.0,3617.75,25961.0,26941.0,3733.75,25863.0,26800.0,3494.75,25914.0,26863.0,3608.75,25846.0,26891.0,3568.75,25921.0,26940.0,3692.75,mint_nifty50_1year.csv,3494.75
2025-08-13,24664.55,24535.25,25975.0,26988.0,3763.2000000000007,25956.0,26911.0,3667.2000000000007,25956.0,26944.0,3700.2000000000007,25937.0,26985.0,3722.2000000000007,25829.0,26955.0,3584.2000000000007,25940.0,26833.0,3573.2000000000007,25877.0,26991.0,3668.2000000000007,25961.0,26949.0,3710.2000000000007,25932.0,26910.0,3642.2000000000007,25905.0,26999.0,3704.2000000000007,indiatodaybusiness_nifty50_1year.csv,3573.2000000000007
2025-08-14,24673.65,24596.9,25883.0,26988.0,3600.449999999997,25985.0,26937.0,3651.449999999997,25878.0,26993.0,3600.449999999997,25929.0,26857.0,3515.449999999997,25904.0,26965.0,3598.449999999997,25970.0,26963.0,3662.449999999997,25914.0,26917.0,3560.449999999997,25811.0,26843.0,3383.449999999997,25846.0,26863.0,3438.449999999997,25959.0,26821.0,3509.449999999997,moneycontrol_nifty50_1year.csv,3383.449999999997
2025-08-18,25022.0,24852.85,25902.0,26805.0,2832.1500000000015,25835.0,26958.0,2918.1500000000015,25820.0,26853.0,2798.1500000000015,25876.0,26972.0,2973.1500000000015,25965.0,26829.0,2919.1500000000015,25916.0,26844.0,2885.1500000000015,25965.0,26965.0,3055.1500000000015,25905.0,26960.0,2990.1500000000015,25851.0,26818.0,2794.1500000000015,25887.0,26877.0,2889.1500000000015,ndtvprofit_nifty50_1year.csv,2794.1500000000015
2025-08-19,25012.65,24873.95,25886.0,26800.0,2799.399999999998,25937.0,26854.0,2904.399999999998,25863.0,26945.0,2921.399999999998,25881.0,27000.0,2994.399999999998,25877.0,26879.0,2869.399999999998,25971.0,26850.0,2934.399999999998,25866.0,26925.0,2904.399999999998,25801.0,26967.0,2881.399999999998,25976.0,26862.0,2951.399999999998,25992.0,26859.0,2964.399999999998,bloomberg_nifty50_1year.csv,2799.399999999998
2025-08-20,25088.7,24929.7,25975.0,26955.0,2911.5999999999985,26000.0,26851.0,2832.5999999999985,26000.0,26901.0,2882.5999999999985,25908.0,26925.0,2814.5999999999985,25976.0,26866.0,2823.5999999999985,25993.0,26964.0,2938.5999999999985,25904.0,26844.0,2729.5999999999985,25973.0,26849.0,2803.5999999999985,25842.0,26920.0,2743.5999999999985,25866.0,26936.0,2783.5999999999985,mint_nifty50_1year.csv,2729.5999999999985
2025-08-21,25153.65,25054.9,25889.0,26829.0,2509.449999999997,25967.0,26947.0,2705.449999999997,25853.0,26871.0,2515.449999999997,25804.0,26876.0,2471.449999999997,25886.0,26973.0,2650.449999999997,25938.0,26971.0,2700.449999999997,25899.0,26860.0,2550.449999999997,25853.0,26886.0,2530.449999999997,25967.0,26924.0,2682.449999999997,25986.0,26813.0,2590.449999999997,etnow_nifty50_1year.csv,2471.449999999997
2025-08-22,25084.85,24859.15,25890.0,26803.0,2749.0,25973.0,26979.0,3008.0,25952.0,26897.0,2905.0,25917.0,26861.0,2834.0,25894.0,26883.0,2833.0,25955.0,26933.0,2944.0,25948.0,26997.0,3001.0,25990.0,26829.0,2875.0,25819.0,26917.0,2792.0,25932.0,26990.0,2978.0,bloomberg_nifty50_1year.csv,2749.0
2025-08-25,25021.55,24894.35,25812.0,26906.0,2802.100000000002,25811.0,26982.0,2877.100000000002,25986.0,26832.0,2902.100000000002,25878.0,26967.0,2929.100000000002,26000.0,26842.0,2926.100000000002,25816.0,26881.0,2781.100000000002,25812.0,26847.0,2743.100000000002,25875.0,26903.0,2862.100000000002,25920.0,26934.0,2938.100000000002,25891.0,26940.0,2915.100000000002,mint_nifty50_1year.csv,2743.100000000002
2025-08-26,24919.65,24689.6,25887.0,26977.0,3254.75,25855.0,26981.0,3226.75,25905.0,26995.0,3290.75,25813.0,26820.0,3023.75,25805.0,26856.0,3051.75,25978.0,26987.0,3355.75,25952.0,26814.0,3156.75,25845.0,26927.0,3162.75,25924.0,26910.0,3224.75,25805.0,26854.0,3049.75,etnow_nifty50_1year.csv,3023.75
2025-08-28,24702.65,24481.6,25959.0,26812.0,3586.75,25992.0,26915.0,3722.75,25839.0,26956.0,3610.75,25931.0,26980.0,3726.75,25958.0,26883.0,3656.75,25935.0,26819.0,3569.75,25960.0,26883.0,3658.75,25967.0,26929.0,3711.75,25990.0,26893.0,3698.75,25989.0,26930.0,3734.75,indiatodaybusiness_nifty50_1year.csv,3569.75
2025-08-29,24572.45,24404.7,25920.0,26906.0,3848.8499999999985,25834.0,26859.0,3715.8499999999985,25865.0,26841.0,3728.8499999999985,25956.0,26939.0,3917.8499999999985,25952.0,26860.0,3834.8499999999985,25996.0,26964.0,3982.8499999999985,25969.0,26821.0,3812.8499999999985,25884.0,26943.0,3849.8499999999985,25878.0,26891.0,3791.8499999999985,25861.0,26967.0,3850.8499999999985,cnbc_nifty50_1year.csv,3715.8499999999985
2025-09-01,24635.6,24432.7,25981.0,26836.0,3748.7000000000007,25896.0,26921.0,3748.7000000000007,25843.0,26890.0,3664.7000000000007,26000.0,26891.0,3822.7000000000007,25846.0,26999.0,3776.7000000000007,25883.0,26820.0,3634.7000000000007,25897.0,26809.0,3637.7000000000007,25846.0,26938.0,3715.7000000000007,25945.0,26816.0,3692.7000000000007,25815.0,26893.0,3639.7000000000007,indiatodaybusiness_nifty50_1year.csv,3634.7000000000007
2025-09-02,24756.1,24522.35,25913.0,26913.0,3547.550000000003,25823.0,26958.0,3502.550000000003,25929.0,26991.0,3641.550000000003,25893.0,26872.0,3486.550000000003,25835.0,26800.0,3356.550000000003,25974.0,26916.0,3611.550000000003,25874.0,26881.0,3476.550000000003,25927.0,26940.0,3588.550000000003,25943.0,26878.0,3542.550000000003,25834.0,26955.0,3510.550000000003,financialexpress_nifty50_1year.csv,3356.550000000003
2025-09-03,24737.05,24533.2,25909.0,26842.0,3480.75,25994.0,26930.0,3653.75,25983.0,26905.0,3617.75,25991.0,26813.0,3533.75,25963.0,26870.0,3562.75,25911.0,26863.0,3503.75,25941.0,26941.0,3611.75,25905.0,26804.0,3438.75,25926.0,26928.0,3583.75,25979.0,26851.0,3559.75,moneycontrol_nifty50_1year.csv,3438.75
2025-09-04,24980.75,24708.2,25983.0,26935.0,3229.0499999999993,25988.0,26898.0,3197.0499999999993,25957.0,26800.0,3068.0499999999993,25859.0,26808.0,2978.0499999999993,25840.0,26812.0,2963.0499999999993,25817.0,26820.0,2948.0499999999993,25919.0,26989.0,3219.0499999999993,25835.0,26982.0,3128.0499999999993,25867.0,26914.0,3092.0499999999993,25855.0,26917.0,3083.0499999999993,indiatodaybusiness_nifty50_1year.csv,2948.0499999999993
2025-09-05,24832.35,24621.6,25938.0,26826.0,3310.050000000003,25924.0,26956.0,3426.050000000003,25990.0,26921.0,3457.050000000003,25840.0,26828.0,3214.050000000003,25970.0,26916.0,3432.050000000003,25896.0,26951.0,3393.050000000003,25831.0,26933.0,3310.050000000003,25999.0,26947.0,3492.050000000003,25835.0,26882.0,3263.050000000003,25957.0,26821.0,3324.050000000003,etnow_nifty50_1year.csv,3214.050000000003
2025-09-08,24885.5,24751.55,25977.0,26904.0,3243.9500000000007,25946.0,26845.0,3153.9500000000007,25819.0,26930.0,3111.9500000000007,25967.0,26864.0,3193.9500000000007,25835.0,26950.0,3147.9500000000007,25948.0,26944.0,3254.9500000000007,25826.0,26992.0,3180.9500000000007,25909.0,26985.0,3256.9500000000007,25986.0,26829.0,3177.9500000000007,25960.0,26974.0,3296.9500000000007,economictimeslive_nifty50_1year.csv,3111.9500000000007
2025-09-09,24891.8,24814.0,25913.0,26836.0,3043.2000000000007,25844.0,26804.0,2942.2000000000007,25897.0,26858.0,3049.2000000000007,25935.0,26974.0,3203.2000000000007,25914.0,26941.0,3149.2000000000007,25936.0,26837.0,3067.2000000000007,25879.0,26876.0,3049.2000000000007,25921.0,26968.0,3183.2000000000007,25976.0,26881.0,3151.2000000000007,25894.0,26803.0,2991.2000000000007,cnbc_nifty50_1year.csv,2942.2000000000007
2025-09-10,25035.7,24915.05,25877.0,26881.0,2807.25,25877.0,26988.0,2914.25,25973.0,26970.0,2992.25,25968.0,26917.0,2934.25,25948.0,26913.0,2910.25,25884.0,26924.0,2857.25,25989.0,26832.0,2870.25,25974.0,26974.0,2997.25,25971.0,26932.0,2952.25,25825.0,26814.0,2688.25,timesnowbusiness_nifty50_1year.csv,2688.25
2025-09-11,25037.3,24940.15,25859.0,26800.0,2681.5499999999993,25866.0,26880.0,2768.5499999999993,25851.0,26847.0,2720.5499999999993,25800.0,26992.0,2814.5499999999993,25801.0,26994.0,2817.5499999999993,25825.0,26940.0,2787.5499999999993,25958.0,26820.0,2800.5499999999993,25870.0,26936.0,2828.5499999999993,25883.0,26900.0,2805.5499999999993,25919.0,26888.0,2829.5499999999993,bloomberg_nifty50_1year.csv,2681.5499999999993
2025-09-12,25139.45,25038.05,25804.0,26833.0,2459.5,25951.0,26828.0,2601.5,25945.0,26831.0,2598.5,25937.0,26836.0,2595.5,25846.0,26893.0,2561.5,25876.0,26981.0,2679.5,25841.0,26983.0,2646.5,25816.0,26944.0,2582.5,25962.0,26898.0,2682.5,25869.0,26922.0,2613.5,bloomberg_nifty50_1year.csv,2459.5
2025-09-15,25138.45,25048.75,25959.0,26956.0,2727.7999999999993,25928.0,26940.0,2680.7999999999993,25890.0,26883.0,2585.7999999999993,25940.0,26923.0,2675.7999999999993,25886.0,26811.0,2509.7999999999993,25809.0,26915.0,2536.7999999999993,25850.0,26873.0,2535.7999999999993,25913.0,26809.0,2534.7999999999993,25940.0,26899.0,2651.7999999999993,25921.0,26948.0,2681.7999999999993,financialexpress_nifty50_1year.csv,2509.7999999999993
2025-09-16,25261.4,25070.45,,,,,,,,,,,,,,,,,,,,,,,,,,,,,,,,
2025-09-17,25346.5,25275.35,25822.0,26933.0,2133.1500000000015,25980.0,26863.0,2221.1500000000015,25845.0,26952.0,2175.1500000000015,25821.0,26829.0,2028.1500000000015,25921.0,26919.0,2218.1500000000015,25859.0,26828.0,2065.1500000000015,25837.0,26812.0,2027.1500000000015,25860.0,26812.0,2050.1500000000015,25834.0,26948.0,2160.1500000000015,25986.0,26815.0,2179.1500000000015,mint_nifty50_1year.csv,2027.1500000000015
2025-09-18,25448.55,25329.75,25977.0,26949.0,2147.7000000000007,25918.0,26814.0,1953.7000000000007,25819.0,26899.0,1939.7000000000007,25941.0,26990.0,2152.7000000000007,25910.0,26806.0,1937.7000000000007,25894.0,26810.0,1925.7000000000007,25817.0,26963.0,2001.7000000000007,25928.0,26907.0,2056.7000000000007,25812.0,26821.0,1854.7000000000007,25918.0,26947.0,2086.7000000000007,ndtvprofit_nifty50_1year.csv,1854.7000000000007
2025-09-19,25431.4,25286.3,25951.0,26807.0,2040.2999999999993,25990.0,26810.0,2082.2999999999993,25847.0,26917.0,2046.2999999999993,25969.0,26902.0,2153.2999999999993,25823.0,26916.0,2021.2999999999993,25972.0,26828.0,2082.2999999999993,25934.0,26903.0,2119.2999999999993,25911.0,26870.0,2063.2999999999993,25858.0,26957.0,2097.2999999999993,25851.0,26890.0,2023.2999999999993,financialexpress_nifty50_1year.csv,2021.2999999999993
2025-09-22,25331.7,25151.05,25949.0,26861.0,2327.25,25986.0,26847.0,2350.25,25893.0,26910.0,2320.25,25875.0,26926.0,2318.25,25881.0,26913.0,2311.25,25838.0,26931.0,2286.25,25882.0,26979.0,2378.25,25855.0,26981.0,2353.25,25833.0,26845.0,2195.25,25985.0,26952.0,2454.25,ndtvprofit_nifty50_1year.csv,2195.25
2025-09-23,25261.9,25084.65,25967.0,26915.0,2535.449999999997,25874.0,26974.0,2501.449999999997,25927.0,26849.0,2429.449999999997,25877.0,26876.0,2406.449999999997,25951.0,26914.0,2518.449999999997,25877.0,26823.0,2353.449999999997,25930.0,26850.0,2433.449999999997,25923.0,26971.0,2547.449999999997,25916.0,26944.0,2513.449999999997,25818.0,26814.0,2285.449999999997,timesnowbusiness_nifty50_1year.csv,2285.449999999997
2025-09-24,25149.85,25027.45,25868.0,26875.0,2565.7000000000007,25829.0,26903.0,2554.7000000000007,25942.0,26846.0,2610.7000000000007,25966.0,26883.0,2671.7000000000007,25969.0,26975.0,2766.7000000000007,25925.0,26850.0,2597.7000000000007,25923.0,26996.0,2741.7000000000007,25805.0,26965.0,2592.7000000000007,25896.0,26889.0,2607.7000000000007,25930.0,26832.0,2584.7000000000007,cnbc_nifty50_1year.csv,2554.7000000000007
2025-09-25,25092.7,24878.3,25877.0,26875.0,2781.0,25836.0,26992.0,2857.0,25852.0,26950.0,2831.0,25923.0,26898.0,2850.0,25925.0,26856.0,2810.0,25972.0,26800.0,2801.0,25833.0,26989.0,2851.0,25862.0,26937.0,2828.0,25984.0,26838.0,2851.0,25959.0,27000.0,2988.0,bloomberg_nifty50_1year.csv,2781.0
2025-09-26,24868.6,24629.45,25841.0,26862.0,3204.9500000000007,25955.0,26980.0,3436.9500000000007,25994.0,26850.0,3345.9500000000007,25860.0,26943.0,3304.9500000000007,25864.0,26814.0,3179.9500000000007,25979.0,26907.0,3387.9500000000007,25927.0,26857.0,3285.9500000000007,25816.0,26983.0,3300.9500000000007,25870.0,26987.0,3358.9500000000007,25866.0,26924.0,3291.9500000000007,financialexpress_nifty50_1year.csv,3179.9500000000007
2025-09-29,24791.3,24606.2,25812.0,26889.0,3303.5,25935.0,26926.0,3463.5,25825.0,26959.0,3386.5,25969.0,26801.0,3372.5,25802.0,26904.0,3308.5,25961.0,26845.0,3408.5,25853.0,26946.0,3401.5,25904.0,26941.0,3447.5,25836.0,26889.0,3327.5,25897.0,26908.0,3407.5,bloomberg_nifty50_1year.csv,3303.5
2025-09-30,24731.8,24587.7,25841.0,26926.0,3447.5,25913.0,26874.0,3467.5,25819.0,26887.0,3386.5,25988.0,26986.0,3654.5,25886.0,26971.0,3537.5,25853.0,26926.0,3459.5,25942.0,26808.0,3430.5,25940.0,26959.0,3579.5,25837.0,26953.0,3470.5,25807.0,26873.0,3360.5,timesnowbusiness_nifty50_1year.csv,3360.5
2025-10-01,24867.95,24605.95,25963.0,26987.0,3476.0999999999985,25805.0,26812.0,3143.0999999999985,25882.0,26874.0,3282.0999999999985,25839.0,26830.0,3195.0999999999985,25839.0,26924.0,3289.0999999999985,25979.0,26839.0,3344.0999999999985,25896.0,26950.0,3372.0999999999985,25887.0,26882.0,3295.0999999999985,25828.0,26907.0,3261.0999999999985,25985.0,26862.0,3373.0999999999985,cnbc_nifty50_1year.csv,3143.0999999999985
2025-10-03,24904.8,24747.55,25965.0,26930.0,3242.6500000000015,25851.0,26833.0,3031.6500000000015,25966.0,26887.0,3200.6500000000015,25821.0,26831.0,2999.6500000000015,25995.0,26987.0,3329.6500000000015,25997.0,26879.0,3223.6500000000015,25949.0,26832.0,3128.6500000000015,25917.0,26814.0,3078.6500000000015,25925.0,26910.0,3182.6500000000015,25844.0,26836.0,3027.6500000000015,etnow_nifty50_1year.csv,2999.6500000000015
2025-10-06,25095.95,24881.65,25917.0,26880.0,2819.399999999998,25806.0,26944.0,2772.399999999998,25834.0,26880.0,2736.399999999998,25932.0,26984.0,2938.399999999998,25815.0,26939.0,2776.399999999998,25838.0,26987.0,2847.399999999998,25959.0,26872.0,2853.399999999998,25864.0,26937.0,2823.399999999998,25864.0,26895.0,2781.399999999998,25830.0,26949.0,2801.399999999998,economictimeslive_nifty50_1year.csv,2736.399999999998
2025-10-07,25220.9,25076.3,25977.0,26986.0,2665.7999999999993,25918.0,26984.0,2604.7999999999993,25967.0,26825.0,2494.7999999999993,25846.0,26966.0,2514.7999999999993,25806.0,26820.0,2328.7999999999993,25808.0,26941.0,2451.7999999999993,25918.0,26875.0,2495.7999999999993,25853.0,26869.0,2424.7999999999993,25834.0,26842.0,2378.7999999999993,25989.0,26951.0,2642.7999999999993,financialexpress_nifty50_1year.csv,2328.7999999999993
2025-10-08,25192.5,25008.5,25868.0,26966.0,2633.0,25853.0,26928.0,2580.0,25986.0,26857.0,2642.0,25880.0,26909.0,2588.0,25888.0,26854.0,2541.0,25857.0,26944.0,2600.0,25868.0,26864.0,2531.0,25846.0,26928.0,2573.0,25966.0,26874.0,2639.0,25879.0,26815.0,2493.0,timesnowbusiness_nifty50_1year.csv,2493.0
2025-10-09,25199.25,25024.3,25895.0,26964.0,2635.4500000000007,25894.0,26821.0,2491.4500000000007,25980.0,26839.0,2595.4500000000007,25927.0,26838.0,2541.4500000000007,25801.0,26888.0,2465.4500000000007,25818.0,26933.0,2527.4500000000007,25905.0,26841.0,2522.4500000000007,25818.0,26842.0,2436.4500000000007,25807.0,26978.0,2561.4500000000007,25865.0,26813.0,2454.4500000000007,moneycontrol_nifty50_1year.csv,2436.4500000000007
2025-10-10,25330.75,25156.85,25806.0,26812.0,2130.4000000000015,25875.0,26932.0,2319.4000000000015,25858.0,26925.0,2295.4000000000015,25961.0,26809.0,2282.4000000000015,25960.0,26840.0,2312.4000000000015,25959.0,26889.0,2360.4000000000015,25994.0,26829.0,2335.4000000000015,25994.0,26996.0,2502.4000000000015,25808.0,26826.0,2146.4000000000015,25971.0,26904.0,2387.4000000000015,bloomberg_nifty50_1year.csv,2130.4000000000015
2025-10-13,25267.3,25152.3,25917.0,26861.0,2358.4000000000015,25837.0,26938.0,2355.4000000000015,25821.0,26882.0,2283.4000000000015,25855.0,26943.0,2378.4000000000015,25821.0,26917.0,2318.4000000000015,25988.0,26853.0,2421.4000000000015,25969.0,26813.0,2362.4000000000015,25997.0,26991.0,2568.4000000000015,25876.0,26894.0,2350.4000000000015,25837.0,26861.0,2278.4000000000015,timesnowbusiness_nifty50_1year.csv,2278.4000000000015
2025-10-14,25310.35,25060.55,25816.0,26984.0,2429.100000000002,25858.0,26829.0,2316.100000000002,25956.0,26836.0,2421.100000000002,25944.0,26917.0,2490.100000000002,25991.0,26965.0,2585.100000000002,25904.0,26899.0,2432.100000000002,25843.0,26888.0,2360.100000000002,25844.0,26820.0,2293.100000000002,25808.0,26989.0,2426.100000000002,25951.0,26925.0,2505.100000000002,moneycontrol_nifty50_1year.csv,2293.100000000002
2025-10-15,25365.15,25159.35,25938.0,26969.0,2382.5,25853.0,26970.0,2298.5,25930.0,26818.0,2223.5,25885.0,26865.0,2225.5,25982.0,26958.0,2415.5,25982.0,26986.0,2443.5,25940.0,26909.0,2324.5,25963.0,26921.0,2359.5,25805.0,26974.0,2254.5,25933.0,26808.0,2216.5,timesnowbusiness_nifty50_1year.csv,2216.5
2025-10-16,25625.4,25376.85,25925.0,26996.0,1918.75,25874.0,26927.0,1798.75,25919.0,26917.0,1833.75,25944.0,26824.0,1765.75,25928.0,26958.0,1883.75,25952.0,26915.0,1864.75,25967.0,26921.0,1885.75,25850.0,26833.0,1680.75,25830.0,26885.0,1712.75,25945.0,26908.0,1850.75,moneycontrol_nifty50_1year.csv,1680.75
2025-10-17,25781.5,25508.6,25974.0,26899.0,1582.9000000000015,25863.0,26911.0,1483.9000000000015,25906.0,26984.0,1599.9000000000015,25938.0,26836.0,1483.9000000000015,25979.0,26936.0,1624.9000000000015,25843.0,26970.0,1522.9000000000015,25869.0,26919.0,1497.9000000000015,25825.0,26975.0,1509.9000000000015,25924.0,26830.0,1463.9000000000015,25835.0,26947.0,1491.9000000000015,ndtvprofit_nifty50_1year.csv,1463.9000000000015
2025-10-20,25926.2,25788.5,25927.0,26812.0,1024.2999999999993,25964.0,26912.0,1161.2999999999993,25918.0,26960.0,1163.2999999999993,25829.0,26844.0,958.2999999999993,25826.0,26992.0,1103.2999999999993,25934.0,26874.0,1093.2999999999993,25873.0,26880.0,1038.2999999999993,25926.0,26817.0,1028.2999999999993,25931.0,26917.0,1133.2999999999993,25991.0,26988.0,1264.2999999999993,etnow_nifty50_1year.csv,958.2999999999993
2025-10-21,25934.35,25825.8,25918.0,26878.0,1035.8500000000022,25959.0,26867.0,1065.8500000000022,25925.0,26962.0,1126.8500000000022,25843.0,26845.0,927.8500000000022,25962.0,26860.0,1061.8500000000022,25904.0,26888.0,1031.8500000000022,25959.0,26935.0,1133.8500000000022,25927.0,26919.0,1085.8500000000022,25800.0,26806.0,897.4500000000007,25807.0,26987.0,1071.4500000000007,ndtvprofit_nifty50_1year.csv,897.4500000000007
2025-10-22,,,25862.0,26906.0,,25803.0,26905.0,,25929.0,26982.0,,25846.0,26932.0,,25910.0,26985.0,,25937.0,26940.0,,25843.0,26985.0,,25961.0,26826.0,,25997.0,26995.0,,25849.0,26817.0,,,
2025-10-23,26104.2,25862.45,25972.0,26993.0,998.3499999999985,25829.0,26976.0,905.25,25840.0,26825.0,743.25,25800.0,26908.0,866.25,25951.0,26848.0,832.3499999999985,25998.0,26822.0,853.3499999999985,25917.0,26901.0,851.3499999999985,25917.0,26969.0,919.3499999999985,25834.0,26906.0,830.25,25976.0,26897.0,906.3499999999985,economictimeslive_nifty50_1year.csv,743.25
2025-10-24,25944.15,25718.2,25917.0,26947.0,1201.6499999999978,25958.0,26885.0,1180.6499999999978,25806.0,26825.0,968.6499999999978,25906.0,26834.0,1077.6499999999978,25861.0,26969.0,1167.6499999999978,25801.0,26820.0,958.6499999999978,25891.0,26943.0,1171.6499999999978,25953.0,26961.0,1251.6499999999978,25971.0,26980.0,1288.6499999999978,25926.0,26843.0,1106.6499999999978,indiatodaybusiness_nifty50_1year.csv,958.6499999999978
2025-10-27,26005.95,25827.0,25867.0,26930.0,964.0499999999993,25921.0,26808.0,896.0499999999993,25846.0,26892.0,905.0499999999993,25847.0,26932.0,946.0499999999993,25954.0,26995.0,1116.0499999999993,25853.0,26967.0,987.0499999999993,25842.0,26825.0,834.0499999999993,25942.0,26839.0,948.0499999999993,25943.0,26838.0,948.0499999999993,25862.0,26861.0,890.0499999999993,mint_nifty50_1year.csv,834.0499999999993
2025-10-28,26041.7,25810.05,25985.0,26844.0,977.25,25880.0,26921.0,949.25,25816.0,26807.0,771.25,25935.0,26955.0,1038.25,25960.0,26889.0,997.25,25822.0,26819.0,789.25,25922.0,26803.0,873.25,25865.0,26968.0,981.25,25800.0,26836.0,804.3499999999985,25875.0,26813.0,836.25,economictimeslive_nifty50_1year.csv,771.25
2025-10-29,26097.85,25960.3,25878.0,26940.0,924.4500000000007,25971.0,26820.0,732.8500000000022,25890.0,26905.0,877.4500000000007,25960.0,26876.0,778.4500000000007,25884.0,26962.0,940.4500000000007,25984.0,26877.0,802.8500000000022,25964.0,26946.0,851.8500000000022,25801.0,26807.0,868.4500000000007,25832.0,26842.0,872.4500000000007,25905.0,26808.0,765.4500000000007,cnbc_nifty50_1year.csv,732.8500000000022
2025-10-30,26032.05,25845.25,25905.0,26808.0,835.7000000000007,25970.0,26891.0,983.7000000000007,25890.0,26974.0,986.7000000000007,25901.0,26973.0,996.7000000000007,25963.0,26937.0,1022.7000000000007,25884.0,26970.0,976.7000000000007,25979.0,26959.0,1060.7000000000007,25855.0,26962.0,939.7000000000007,25961.0,26986.0,1069.7000000000007,25887.0,26850.0,859.7000000000007,bloomberg_nifty50_1year.csv,835.7000000000007
2025-10-31,25953.75,25711.2,,,,,,,,,,,,,,,,,,,,,,,,,,,,,,,,
2025-11-03,25803.1,25645.5,25814.0,26923.0,1288.4000000000015,25834.0,26933.0,1318.4000000000015,25905.0,26906.0,1362.4000000000015,25968.0,26808.0,1327.4000000000015,25879.0,26886.0,1316.4000000000015,25817.0,26828.0,1196.4000000000015,25886.0,26862.0,1299.4000000000015,25902.0,26878.0,1331.4000000000015,25930.0,26887.0,1368.4000000000015,25968.0,26959.0,1478.4000000000015,indiatodaybusiness_nifty50_1year.csv,1196.4000000000015
2025-11-04,25787.4,25578.4,25837.0,26996.0,1467.199999999997,25843.0,26914.0,1391.199999999997,25954.0,26939.0,1527.199999999997,25834.0,26976.0,1444.199999999997,25982.0,26859.0,1475.199999999997,25938.0,26977.0,1549.199999999997,25812.0,26850.0,1296.199999999997,25847.0,26932.0,1413.199999999997,25960.0,26927.0,1521.199999999997,25825.0,26849.0,1308.199999999997,mint_nifty50_1year.csv,1296.199999999997
2025-11-05,,,25827.0,26822.0,,25921.0,26965.0,,25809.0,26822.0,,25939.0,26948.0,,25861.0,26810.0,,25897.0,26907.0,,25898.0,26969.0,,25813.0,26984.0,,25924.0,26925.0,,25842.0,26807.0,,,
2025-11-06,25679.15,25491.55,25889.0,26892.0,1610.2999999999993,25918.0,26939.0,1686.2999999999993,25901.0,26879.0,1609.2999999999993,25825.0,26886.0,1540.2999999999993,25932.0,26868.0,1629.2999999999993,25964.0,26911.0,1704.2999999999993,25949.0,26824.0,1602.2999999999993,25853.0,26876.0,1558.2999999999993,25969.0,26993.0,1791.2999999999993,25953.0,26867.0,1649.2999999999993,etnow_nifty50_1year.csv,1540.2999999999993
2025-11-07,25551.25,25318.45,25818.0,26925.0,1873.2999999999993,25880.0,26928.0,1938.2999999999993,25810.0,26984.0,1924.2999999999993,25924.0,26862.0,1916.2999999999993,25821.0,26880.0,1831.2999999999993,25991.0,26944.0,2065.2999999999993,25955.0,26885.0,1970.2999999999993,25962.0,26871.0,1963.2999999999993,25854.0,26840.0,1824.2999999999993,25949.0,26807.0,1886.2999999999993,ndtvprofit_nifty50_1year.csv,1824.2999999999993
2025-11-10,25653.45,25503.5,25800.0,26808.0,1451.0499999999993,25860.0,26976.0,1679.0499999999993,25822.0,26904.0,1569.0499999999993,25868.0,26989.0,1700.0499999999993,25926.0,26856.0,1625.0499999999993,25930.0,26808.0,1581.0499999999993,25999.0,26943.0,1785.0499999999993,25948.0,26852.0,1643.0499999999993,25897.0,26877.0,1617.0499999999993,25802.0,26968.0,1613.0499999999993,bloomberg_nifty50_1year.csv,1451.0499999999993
2025-11-11,25715.8,25449.25,25920.0,26917.0,1671.9500000000007,25982.0,26861.0,1677.9500000000007,25832.0,26853.0,1519.9500000000007,25872.0,26841.0,1547.9500000000007,25996.0,26884.0,1714.9500000000007,25976.0,26933.0,1743.9500000000007,25966.0,26986.0,1786.9500000000007,25944.0,26805.0,1583.9500000000007,25816.0,26888.0,1538.9500000000007,25863.0,26867.0,1564.9500000000007,economictimeslive_nifty50_1year.csv,1519.9500000000007
2025-11-12,25934.55,25781.15,25812.0,26862.0,958.2999999999993,25937.0,26939.0,1160.2999999999993,25997.0,26978.0,1259.2999999999993,25985.0,26837.0,1106.2999999999993,25866.0,26809.0,959.2999999999993,25954.0,26942.0,1180.2999999999993,25841.0,26894.0,1019.2999999999993,25941.0,26897.0,1122.2999999999993,25992.0,26937.0,1213.2999999999993,25961.0,26955.0,1200.2999999999993,bloomberg_nifty50_1year.csv,958.2999999999993
2025-11-13,26010.7,25808.4,25887.0,26950.0,1017.8999999999978,25889.0,26882.0,951.8999999999978,25841.0,26827.0,848.8999999999978,25981.0,26830.0,991.8999999999978,25994.0,26935.0,1109.8999999999978,25971.0,26814.0,965.8999999999978,25863.0,26883.0,926.8999999999978,25993.0,26851.0,1024.8999999999978,25819.0,26940.0,939.8999999999978,25985.0,26920.0,1085.8999999999978,economictimeslive_nifty50_1year.csv,848.8999999999978
2025-11-14,25940.2,25740.8,25887.0,26995.0,1201.0,25907.0,26995.0,1221.0,25949.0,26821.0,1089.0,25960.0,26890.0,1169.0,25905.0,26816.0,1040.0,25936.0,26881.0,1136.0,25989.0,26966.0,1274.0,25969.0,26953.0,1241.0,25953.0,26921.0,1193.0,25979.0,26834.0,1132.0,financialexpress_nifty50_1year.csv,1040.0
2025-11-17,26024.2,25906.35,25865.0,26836.0,853.1499999999978,25998.0,26931.0,998.4500000000007,25839.0,26811.0,854.1499999999978,25884.0,26946.0,944.1499999999978,25936.0,26925.0,930.4500000000007,25864.0,26931.0,949.1499999999978,25968.0,26826.0,863.4500000000007,25909.0,26976.0,954.4500000000007,25961.0,26808.0,838.4500000000007,25807.0,26916.0,991.1499999999978,ndtvprofit_nifty50_1year.csv,838.4500000000007
2025-11-18,26029.85,25876.5,25861.0,26920.0,905.6500000000015,25863.0,26801.0,784.6500000000015,25894.0,26926.0,913.6500000000015,25994.0,26903.0,990.6500000000015,25900.0,26974.0,967.6500000000015,25820.0,26905.0,931.6500000000015,25817.0,26960.0,989.6500000000015,25905.0,26940.0,938.6500000000015,25937.0,26864.0,894.6500000000015,25810.0,26974.0,1010.6500000000015,cnbc_nifty50_1year.csv,784.6500000000015
2025-11-19,26074.65,25856.2,25885.0,26930.0,884.1499999999978,25931.0,26805.0,805.1499999999978,25915.0,26943.0,927.1499999999978,25978.0,26896.0,943.1499999999978,25804.0,26804.0,781.5499999999993,25939.0,26881.0,889.1499999999978,25956.0,26845.0,870.1499999999978,25899.0,26860.0,828.1499999999978,25864.0,26862.0,795.1499999999978,25847.0,26947.0,881.5499999999993,financialexpress_nifty50_1year.csv,781.5499999999993
2025-11-20,26246.65,26063.2,25820.0,26821.0,817.5499999999993,25962.0,26947.0,801.5499999999993,25863.0,26820.0,773.5499999999993,25945.0,26999.0,870.5499999999993,25943.0,26831.0,704.5499999999993,25875.0,26841.0,782.5499999999993,25891.0,26875.0,800.5499999999993,25856.0,26891.0,851.5499999999993,25865.0,26899.0,850.5499999999993,25860.0,26909.0,865.5499999999993,financialexpress_nifty50_1year.csv,704.5499999999993
2025-11-21,26179.2,26052.2,25904.0,26851.0,820.0,25822.0,26966.0,1017.0,25823.0,26980.0,1030.0,25916.0,26928.0,885.0,25924.0,26969.0,918.0,25948.0,26966.0,891.0,25972.0,26918.0,819.0,25972.0,26958.0,859.0,25929.0,26962.0,906.0,25830.0,26983.0,1026.0,mint_nifty50_1year.csv,819.0
2025-11-24,26142.8,25912.15,25950.0,26887.0,782.0499999999993,25881.0,26939.0,827.3500000000022,25973.0,26965.0,883.0499999999993,25983.0,26884.0,812.0499999999993,25808.0,26990.0,951.3500000000022,25800.0,26910.0,879.3500000000022,25942.0,26923.0,810.0499999999993,25997.0,27000.0,942.0499999999993,25902.0,26831.0,698.3500000000022,25901.0,26885.0,753.3500000000022,ndtvprofit_nifty50_1year.csv,698.3500000000022
2025-11-25,26032.6,25857.5,25943.0,26958.0,1010.9000000000015,25979.0,26956.0,1044.9000000000015,25905.0,26920.0,934.9000000000015,25866.0,26893.0,868.9000000000015,25850.0,26967.0,941.9000000000015,25972.0,26818.0,899.9000000000015,25930.0,26826.0,865.9000000000015,25838.0,27000.0,986.9000000000015,25810.0,26942.0,956.9000000000015,25843.0,26844.0,825.9000000000015,timesnowbusiness_nifty50_1year.csv,825.9000000000015
2025-11-26,26215.15,25842.95,25984.0,26973.0,898.8999999999978,25859.0,26943.0,743.8999999999978,25838.0,26889.0,678.7999999999993,25921.0,26935.0,797.8999999999978,25958.0,26923.0,822.8999999999978,25809.0,26903.0,721.7999999999993,25866.0,26833.0,640.8999999999978,25868.0,26914.0,723.8999999999978,25814.0,26834.0,647.7999999999993,25833.0,26865.0,659.7999999999993,mint_nifty50_1year.csv,640.8999999999978
2025-11-27,26310.45,26141.9,25911.0,26865.0,785.4500000000007,25907.0,26815.0,739.4500000000007,25935.0,26856.0,752.4500000000007,25876.0,26984.0,939.4500000000007,25807.0,26800.0,824.4500000000007,25994.0,26808.0,645.4500000000007,25935.0,26910.0,806.4500000000007,25864.0,26927.0,894.4500000000007,25835.0,26803.0,799.4500000000007,25877.0,26957.0,911.4500000000007,indiatodaybusiness_nifty50_1year.csv,645.4500000000007
2025-11-28,26280.75,26172.4,25864.0,26828.0,855.6500000000015,25855.0,26832.0,868.6500000000015,25970.0,26803.0,724.6500000000015,25953.0,26884.0,822.6500000000015,25912.0,26994.0,973.6500000000015,25828.0,26823.0,886.6500000000015,25941.0,27000.0,950.6500000000015,25868.0,26972.0,995.6500000000015,25985.0,26823.0,729.6500000000015,25938.0,26976.0,929.6500000000015,economictimeslive_nifty50_1year.csv,724.6500000000015
2025-12-01,,,25940.0,26963.0,,25964.0,26820.0,,25968.0,26965.0,,25861.0,26811.0,,25932.0,26869.0,,25992.0,26919.0,,25984.0,26917.0,,25918.0,26884.0,,25901.0,26984.0,,25874.0,26899.0,,,
