Date,Market_High,Market_Low,bloomberg_nifty50.csv_Support,bloomberg_nifty50.csv_Resistance,cnbc_nifty50.csv_Support,cnbc_nifty50.csv_Resistance,economictimeslive_nifty50.csv_Support,economictimeslive_nifty50.csv_Resistance,economictimeslive_nifty50.csv_Distance,etnow_nifty50.csv_Support,etnow_nifty50.csv_Resistance,financialexpress_nifty50.csv_Support,financialexpress_nifty50.csv_Resistance,financialexpress_nifty50.csv_Distance,indiatodaybusiness_nifty50.csv_Support,indiatodaybusiness_nifty50.csv_Resistance,indiatodaybusiness_nifty50.csv_Distance,mint_nifty50.csv_Support,mint_nifty50.csv_Resistance,moneycontrol_nifty50.csv_Support,moneycontrol_nifty50.csv_Resistance,moneycontrol_nifty50.csv_Distance,ndtvprofit_nifty50.csv_Support,ndtvprofit_nifty50.csv_Resistance,ndtvprofit_nifty50.csv_Distance,timesnowbusiness_nifty50.csv_Support,timesnowbusiness_nifty50.csv_Resistance,timesnowbusiness_nifty50.csv_Distance,Best_Source,Best_Distance,bloomberg_nifty50.csv_Distance,cnbc_nifty50.csv_Distance,etnow_nifty50.csv_Distance,mint_nifty50.csv_Distance
2024-11-29,24188.45,23927.15,,,,,25956.0,26801.0,4641.399999999998,,,25808.0,26880.0,4572.399999999998,25942.0,26996.0,4822.399999999998,,,25991.0,26946.0,4821.399999999998,25997.0,26951.0,4832.399999999998,25896.0,26872.0,4652.399999999998,financialexpress_nifty50.csv,4572.399999999998,,,,
2024-12-02,24301.7,24008.65,25810.0,26842.0,25846.0,26884.0,25840.0,26931.0,4460.649999999998,25883.0,26952.0,25894.0,26880.0,4463.649999999998,25812.0,26981.0,4482.649999999998,25884.0,26973.0,25921.0,26967.0,4577.649999999998,25849.0,26908.0,4446.649999999998,25998.0,26898.0,4585.649999999998,bloomberg_nifty50.csv,4341.649999999998,4341.649999999998,4419.649999999998,4524.649999999998,4546.649999999998
2024-12-03,24481.35,24280.0,25816.0,26926.0,25915.0,26864.0,25952.0,26866.0,4056.6500000000015,25986.0,26852.0,25879.0,26926.0,4043.6500000000015,25813.0,26830.0,3881.6500000000015,25989.0,26809.0,25864.0,26835.0,3937.6500000000015,25825.0,26854.0,3917.6500000000015,25995.0,26822.0,4055.6500000000015,indiatodaybusiness_nifty50.csv,3881.6500000000015,3980.6500000000015,4017.6500000000015,4076.6500000000015,4036.6500000000015
2024-12-04,24573.2,24366.3,25808.0,26869.0,25960.0,26947.0,25997.0,26906.0,3963.5,25957.0,26965.0,25939.0,26997.0,3996.5,25870.0,26974.0,3904.5,25927.0,26899.0,25949.0,26946.0,3955.5,25860.0,26969.0,3889.5,25841.0,26830.0,3731.5,timesnowbusiness_nifty50.csv,3731.5,3737.5,3967.5,3982.5,3886.5
2024-12-05,24857.75,24295.55,25974.0,26854.0,25937.0,26865.0,25892.0,26969.0,3707.7000000000007,25805.0,26932.0,25933.0,26901.0,3680.7000000000007,25968.0,26825.0,3639.7000000000007,25995.0,26947.0,25867.0,26998.0,3711.7000000000007,25910.0,26828.0,3584.7000000000007,25953.0,26977.0,3776.7000000000007,etnow_nifty50.csv,3583.7000000000007,3674.7000000000007,3648.7000000000007,3583.7000000000007,3788.7000000000007
2024-12-06,24751.05,24620.5,25946.0,26854.0,25961.0,26953.0,25885.0,26978.0,3491.4500000000007,25959.0,26892.0,25969.0,26815.0,3412.4500000000007,25920.0,26984.0,3532.4500000000007,25898.0,26953.0,25982.0,26975.0,3585.4500000000007,25861.0,26896.0,3385.4500000000007,25818.0,26888.0,3334.4500000000007,timesnowbusiness_nifty50.csv,3334.4500000000007,3428.4500000000007,3542.4500000000007,3479.4500000000007,3479.4500000000007
2024-12-09,24705.0,24580.05,25819.0,26879.0,25884.0,26986.0,25936.0,26884.0,3534.9500000000007,25970.0,26883.0,25991.0,26917.0,3622.9500000000007,25925.0,26983.0,3622.9500000000007,25811.0,26968.0,25843.0,26833.0,3390.9500000000007,25914.0,26800.0,3428.9500000000007,25832.0,26864.0,3410.9500000000007,moneycontrol_nifty50.csv,3390.9500000000007,3412.9500000000007,3584.9500000000007,3567.9500000000007,3493.9500000000007
2024-12-10,24677.8,24510.65,26000.0,26866.0,25839.0,26962.0,25908.0,26836.0,3555.5499999999993,25948.0,26981.0,25846.0,26823.0,3480.5499999999993,25904.0,26875.0,3590.5499999999993,26000.0,26971.0,25814.0,26859.0,3484.5499999999993,25889.0,26821.0,3521.5499999999993,25958.0,26897.0,3666.5499999999993,financialexpress_nifty50.csv,3480.5499999999993,3677.5499999999993,3612.5499999999993,3740.5499999999993,3782.5499999999993
2024-12-11,24691.75,24583.85,25899.0,26808.0,25967.0,26837.0,25934.0,26940.0,3598.4000000000015,25812.0,26829.0,25928.0,26857.0,3509.4000000000015,25853.0,26844.0,3421.4000000000015,25910.0,26958.0,25808.0,26984.0,3516.4000000000015,25890.0,26833.0,3447.4000000000015,25891.0,26935.0,3550.4000000000015,etnow_nifty50.csv,3365.4000000000015,3431.4000000000015,3528.4000000000015,3365.4000000000015,3592.4000000000015
2024-12-12,24675.25,24527.95,25837.0,26925.0,25902.0,26991.0,25976.0,26990.0,3762.7999999999993,25973.0,26834.0,25941.0,26988.0,3725.7999999999993,25812.0,26872.0,3480.7999999999993,25858.0,26869.0,25844.0,26901.0,3541.7999999999993,25894.0,26990.0,3680.7999999999993,25841.0,26910.0,3547.7999999999993,indiatodaybusiness_nifty50.csv,3480.7999999999993,3558.7999999999993,3689.7999999999993,3603.7999999999993,3523.7999999999993
2024-12-13,24792.3,24180.8,25906.0,26931.0,25843.0,26890.0,25917.0,26968.0,3911.9000000000015,25855.0,26881.0,25825.0,26968.0,3819.9000000000015,25918.0,26843.0,3787.9000000000015,25877.0,26980.0,25801.0,26816.0,3643.9000000000015,25805.0,26920.0,3751.9000000000015,25822.0,26945.0,3793.9000000000015,moneycontrol_nifty50.csv,3643.9000000000015,3863.9000000000015,3759.9000000000015,3762.9000000000015,3883.9000000000015
2024-12-16,24781.25,24601.75,25913.0,26927.0,25901.0,26827.0,25860.0,26871.0,3348.0,25998.0,26844.0,25985.0,26810.0,3412.0,25845.0,26840.0,3302.0,25964.0,26871.0,25831.0,26846.0,3294.0,25947.0,26994.0,3558.0,25995.0,26833.0,3445.0,moneycontrol_nifty50.csv,3294.0,3457.0,3345.0,3459.0,3452.0
2024-12-17,24624.1,24303.45,25954.0,26944.0,25807.0,26973.0,25997.0,26820.0,3889.4500000000007,25913.0,26853.0,25992.0,26827.0,3891.4500000000007,25909.0,26848.0,3829.4500000000007,25848.0,26957.0,25951.0,26949.0,3972.4500000000007,25879.0,26825.0,3776.4500000000007,25979.0,26829.0,3880.4500000000007,ndtvprofit_nifty50.csv,3776.4500000000007,3970.4500000000007,3852.4500000000007,3838.4500000000007,3877.4500000000007
2024-12-18,24394.45,24149.85,25813.0,26869.0,25871.0,26847.0,25921.0,26872.0,4248.700000000001,25953.0,26997.0,25853.0,26991.0,4299.700000000001,25931.0,26809.0,4195.700000000001,25990.0,26822.0,25852.0,26884.0,4191.700000000001,25860.0,26926.0,4241.700000000001,25831.0,26800.0,4086.7000000000007,timesnowbusiness_nifty50.csv,4086.7000000000007,4137.700000000001,4173.700000000001,4405.700000000001,4267.700000000001
2024-12-19,24004.9,23870.3,25801.0,26880.0,25815.0,26841.0,25808.0,26905.0,4837.799999999999,25927.0,26903.0,25860.0,26842.0,4826.799999999999,25875.0,26898.0,4897.799999999999,25872.0,26842.0,25981.0,26936.0,5041.799999999999,25950.0,26945.0,5019.799999999999,25845.0,26885.0,4854.799999999999,cnbc_nifty50.csv,4780.799999999999,4805.799999999999,4780.799999999999,4954.799999999999,4838.799999999999
2024-12-20,24065.8,23537.35,25816.0,26968.0,25872.0,26884.0,25891.0,26845.0,5132.850000000002,25917.0,26928.0,25918.0,26876.0,5190.850000000002,25866.0,26860.0,5122.850000000002,25997.0,26877.0,25897.0,26961.0,5254.850000000002,25830.0,26941.0,5167.850000000002,25868.0,26839.0,5103.850000000002,timesnowbusiness_nifty50.csv,5103.850000000002,5180.850000000002,5152.850000000002,5241.850000000002,5270.850000000002
2024-12-23,23869.55,23647.2,25882.0,26939.0,25814.0,26895.0,25910.0,26961.0,5354.25,25989.0,26841.0,25952.0,26981.0,5416.25,25855.0,26837.0,5175.25,25896.0,26835.0,25984.0,26835.0,5302.25,25988.0,26973.0,5444.25,25924.0,26960.0,5367.25,indiatodaybusiness_nifty50.csv,5175.25,5304.25,5192.25,5313.25,5214.25
2024-12-24,23867.65,23685.15,25902.0,26826.0,25840.0,26826.0,25875.0,26831.0,5153.199999999997,25912.0,26832.0,25947.0,26830.0,5224.199999999997,25816.0,26992.0,5255.199999999997,25866.0,26804.0,25814.0,26976.0,5237.199999999997,25864.0,26908.0,5219.199999999997,25883.0,26890.0,5220.199999999997,cnbc_nifty50.csv,5113.199999999997,5175.199999999997,5113.199999999997,5191.199999999997,5117.199999999997
2024-12-26,23854.5,23653.6,25908.0,26978.0,25975.0,26886.0,25832.0,26821.0,5144.9000000000015,25828.0,26829.0,25847.0,26821.0,5159.9000000000015,25944.0,26985.0,5420.9000000000015,25899.0,26917.0,25967.0,26850.0,5308.9000000000015,25844.0,26943.0,5278.9000000000015,25933.0,26885.0,5309.9000000000015,economictimeslive_nifty50.csv,5144.9000000000015,5377.9000000000015,5352.9000000000015,5148.9000000000015,5307.9000000000015
2024-12-27,23938.85,23800.6,25865.0,26978.0,25998.0,26830.0,25902.0,26981.0,5143.550000000003,25856.0,26854.0,25984.0,26953.0,5197.550000000003,25990.0,26991.0,5241.550000000003,25813.0,26958.0,25999.0,26970.0,5229.550000000003,25941.0,26944.0,5145.550000000003,25888.0,26869.0,5017.550000000003,etnow_nifty50.csv,4970.550000000003,5103.550000000003,5088.550000000003,4970.550000000003,5031.550000000003
2024-12-30,23915.35,23599.3,25899.0,26838.0,25986.0,27000.0,25995.0,26827.0,5307.350000000002,25901.0,26948.0,25824.0,26950.0,5259.350000000002,25878.0,26895.0,5258.350000000002,25948.0,26842.0,25848.0,26894.0,5227.350000000002,25994.0,26922.0,5401.350000000002,25820.0,26971.0,5276.350000000002,bloomberg_nifty50.csv,5222.350000000002,5222.350000000002,5471.350000000002,5334.350000000002,5275.350000000002
2024-12-31,23689.85,23460.45,25803.0,26987.0,25896.0,26856.0,25957.0,26828.0,5634.700000000001,25961.0,26861.0,25891.0,26912.0,5652.700000000001,25994.0,26901.0,5744.700000000001,25887.0,26987.0,25972.0,26887.0,5708.700000000001,25873.0,26854.0,5576.700000000001,25900.0,26828.0,5577.700000000001,ndtvprofit_nifty50.csv,5576.700000000001,5639.700000000001,5601.700000000001,5671.700000000001,5723.700000000001
2025-01-01,23822.8,23562.8,25816.0,26916.0,25947.0,26869.0,25957.0,26961.0,5532.4000000000015,25855.0,26943.0,25862.0,26908.0,5384.4000000000015,25817.0,26923.0,5354.4000000000015,25961.0,26883.0,25935.0,26983.0,5532.4000000000015,25829.0,26970.0,5413.4000000000015,25904.0,26840.0,5358.4000000000015,bloomberg_nifty50.csv,5346.4000000000015,5346.4000000000015,5430.4000000000015,5412.4000000000015,5458.4000000000015
2025-01-02,24226.7,23751.55,25965.0,26929.0,25821.0,26975.0,25827.0,26917.0,4765.75,25885.0,26948.0,25952.0,26817.0,4790.75,25905.0,26843.0,4769.75,25947.0,26838.0,25849.0,26982.0,4852.75,25995.0,26981.0,4997.75,25976.0,26826.0,4823.75,economictimeslive_nifty50.csv,4765.75,4915.75,4817.75,4854.75,4806.75
2025-01-03,24196.45,23976.0,25917.0,26946.0,25990.0,26982.0,25811.0,26876.0,4514.549999999999,25916.0,26817.0,25889.0,27000.0,4716.549999999999,25823.0,26878.0,4528.549999999999,25830.0,26865.0,25958.0,26980.0,4765.549999999999,25921.0,26963.0,4711.549999999999,25825.0,26800.0,4452.549999999999,timesnowbusiness_nifty50.csv,4452.549999999999,4690.549999999999,4799.549999999999,4560.549999999999,4522.549999999999
2025-01-06,24089.95,23551.9,25973.0,26954.0,25992.0,26812.0,25871.0,26934.0,5163.149999999998,25880.0,26939.0,25974.0,26822.0,5154.149999999998,25822.0,26918.0,5098.149999999998,25924.0,26929.0,25901.0,26874.0,5133.149999999998,25829.0,26893.0,5080.149999999998,25814.0,26954.0,5126.149999999998,ndtvprofit_nifty50.csv,5080.149999999998,5285.149999999998,5162.149999999998,5177.149999999998,5211.149999999998
2025-01-07,23795.2,23637.8,25952.0,26965.0,25941.0,26859.0,25802.0,26993.0,5362.0,25844.0,26835.0,25890.0,26802.0,5259.0,25965.0,26901.0,5433.0,25952.0,26832.0,25853.0,26864.0,5284.0,25918.0,26822.0,5307.0,25860.0,26827.0,5254.0,etnow_nifty50.csv,5246.0,5484.0,5367.0,5246.0,5351.0
2025-01-08,23751.85,23496.15,25878.0,26859.0,25981.0,26938.0,25969.0,26928.0,5649.0,25866.0,26869.0,25990.0,26838.0,5580.0,25983.0,26873.0,5608.0,25951.0,26837.0,25853.0,26816.0,5421.0,25824.0,26943.0,5519.0,25848.0,26918.0,5518.0,moneycontrol_nifty50.csv,5421.0,5489.0,5671.0,5487.0,5540.0
2025-01-09,23689.5,23503.05,25850.0,26888.0,25970.0,26898.0,25864.0,26827.0,5498.450000000001,25970.0,27000.0,25865.0,26844.0,5516.450000000001,25986.0,26833.0,5626.450000000001,25962.0,26879.0,25918.0,26888.0,5613.450000000001,25852.0,26824.0,5483.450000000001,25971.0,26987.0,5765.450000000001,ndtvprofit_nifty50.csv,5483.450000000001,5545.450000000001,5675.450000000001,5777.450000000001,5648.450000000001
2025-01-10,23596.6,23344.35,25811.0,26900.0,25827.0,26941.0,25818.0,26891.0,5768.050000000003,25806.0,26886.0,25817.0,26971.0,5847.050000000003,25855.0,26892.0,5806.050000000003,25928.0,26920.0,25894.0,26933.0,5886.050000000003,25988.0,26829.0,5876.050000000003,25815.0,26953.0,5827.050000000003,etnow_nifty50.csv,5751.050000000003,5770.050000000003,5827.050000000003,5751.050000000003,5907.050000000003
2025-01-13,23340.95,23047.25,25914.0,26870.0,25904.0,26993.0,25831.0,26938.0,6380.799999999999,25961.0,26921.0,25924.0,26920.0,6455.799999999999,25963.0,26855.0,6429.799999999999,25858.0,26905.0,25839.0,26961.0,6411.799999999999,25827.0,26994.0,6432.799999999999,25941.0,26871.0,6423.799999999999,mint_nifty50.csv,6374.799999999999,6395.799999999999,6508.799999999999,6493.799999999999,6374.799999999999
2025-01-14,23264.95,23134.15,25804.0,26846.0,25973.0,26972.0,25972.0,26852.0,6424.899999999998,25970.0,26925.0,25938.0,26857.0,6395.899999999998,25899.0,26967.0,6466.899999999998,25939.0,26868.0,25990.0,26986.0,6576.899999999998,25882.0,26803.0,6285.899999999998,25810.0,26993.0,6403.899999999998,bloomberg_nifty50.csv,6250.899999999998,6250.899999999998,6545.899999999998,6495.899999999998,6407.899999999998
2025-01-15,23293.65,23146.45,25836.0,26914.0,25811.0,26847.0,25941.0,26978.0,6478.899999999998,25814.0,26916.0,25957.0,26828.0,6344.899999999998,25854.0,26934.0,6347.899999999998,25849.0,26865.0,25834.0,26972.0,6365.899999999998,25990.0,26893.0,6442.899999999998,25965.0,26854.0,6378.899999999998,cnbc_nifty50.csv,6217.899999999998,6309.899999999998,6217.899999999998,6289.899999999998,6273.899999999998
2025-01-16,23391.65,23272.05,25991.0,26977.0,25846.0,26981.0,25857.0,26917.0,6110.299999999999,25920.0,26828.0,25930.0,26907.0,6173.299999999999,25946.0,26880.0,6162.299999999999,25999.0,26866.0,25955.0,26942.0,6233.299999999999,25971.0,26843.0,6150.299999999999,25880.0,26967.0,6183.299999999999,etnow_nifty50.csv,6084.299999999999,6304.299999999999,6163.299999999999,6084.299999999999,6201.299999999999
2025-01-17,23292.1,23100.35,25919.0,26973.0,25989.0,26806.0,25885.0,26811.0,6303.550000000003,25912.0,26980.0,25818.0,26983.0,6408.550000000003,25946.0,26831.0,6384.550000000003,25913.0,26960.0,25801.0,26819.0,6227.550000000003,25823.0,26999.0,6429.550000000003,25847.0,26917.0,6371.550000000003,moneycontrol_nifty50.csv,6227.550000000003,6499.550000000003,6402.550000000003,6499.550000000003,6480.550000000003
2025-01-20,23391.1,23170.65,25834.0,26962.0,25959.0,26959.0,25993.0,26880.0,6311.25,25814.0,26922.0,25970.0,26996.0,6404.25,25928.0,26983.0,6349.25,25981.0,26896.0,25953.0,26917.0,6308.25,25958.0,26885.0,6281.25,25903.0,26911.0,6252.25,etnow_nifty50.csv,6174.25,6234.25,6356.25,6174.25,6315.25
2025-01-21,23426.3,22976.85,25988.0,26989.0,25988.0,26812.0,25838.0,26833.0,6267.850000000002,25981.0,26932.0,25948.0,26954.0,6498.850000000002,25961.0,26813.0,6370.850000000002,25984.0,26900.0,25811.0,26845.0,6252.850000000002,25865.0,26962.0,6423.850000000002,25930.0,26891.0,6417.850000000002,moneycontrol_nifty50.csv,6252.850000000002,6573.850000000002,6396.850000000002,6509.850000000002,6480.850000000002
2025-01-22,23169.55,22981.3,25882.0,26911.0,25894.0,26807.0,25895.0,26906.0,6650.1500000000015,25841.0,26860.0,25870.0,26806.0,6525.1500000000015,25927.0,26843.0,6619.1500000000015,25928.0,26900.0,25949.0,26927.0,6725.1500000000015,25972.0,26871.0,6692.1500000000015,25930.0,26990.0,6769.1500000000015,financialexpress_nifty50.csv,6525.1500000000015,6642.1500000000015,6550.1500000000015,6550.1500000000015,6677.1500000000015
2025-01-23,23270.8,23090.65,25840.0,26940.0,25914.0,26833.0,25818.0,26883.0,6339.549999999999,25883.0,26846.0,25903.0,26924.0,6465.549999999999,25970.0,26926.0,6534.549999999999,25804.0,26930.0,25976.0,26900.0,6514.549999999999,25812.0,26829.0,6279.549999999999,25850.0,26997.0,6485.549999999999,ndtvprofit_nifty50.csv,6279.549999999999,6418.549999999999,6385.549999999999,6367.549999999999,6372.549999999999
2025-01-24,23347.3,23050.0,25888.0,26908.0,25927.0,26854.0,25989.0,26866.0,6457.700000000001,25961.0,26881.0,25985.0,26953.0,6540.700000000001,25896.0,26835.0,6333.700000000001,25951.0,26912.0,25809.0,26922.0,6333.700000000001,25928.0,26864.0,6394.700000000001,25902.0,26981.0,6485.700000000001,indiatodaybusiness_nifty50.csv,6333.700000000001,6398.700000000001,6383.700000000001,6444.700000000001,6465.700000000001
2025-01-27,23007.45,22786.9,25963.0,26986.0,25834.0,26989.0,25852.0,26949.0,7006.649999999998,25923.0,26988.0,25840.0,26972.0,7017.649999999998,25900.0,26968.0,7073.649999999998,25889.0,26965.0,25874.0,26881.0,6960.649999999998,25909.0,26937.0,7051.649999999998,25826.0,26850.0,6881.649999999998,timesnowbusiness_nifty50.csv,6881.649999999998,7154.649999999998,7028.649999999998,7116.649999999998,7059.649999999998
2025-01-28,23137.95,22857.65,25937.0,26854.0,25802.0,26829.0,25987.0,26929.0,6920.399999999998,25813.0,26927.0,25858.0,26841.0,6703.399999999998,25908.0,26871.0,6783.399999999998,25899.0,26871.0,25901.0,26927.0,6832.399999999998,25860.0,26818.0,6682.399999999998,25839.0,26942.0,6785.399999999998,cnbc_nifty50.csv,6635.399999999998,6795.399999999998,6635.399999999998,6744.399999999998,6774.399999999998
2025-01-29,23183.35,22976.5,25805.0,26977.0,25802.0,26821.0,25945.0,26989.0,6774.1500000000015,25932.0,26801.0,25897.0,26995.0,6732.1500000000015,25914.0,26955.0,6709.1500000000015,25921.0,26955.0,25885.0,26852.0,6577.1500000000015,25899.0,26970.0,6709.1500000000015,25867.0,26818.0,6525.1500000000015,cnbc_nifty50.csv,6463.1500000000015,6622.1500000000015,6463.1500000000015,6573.1500000000015,6716.1500000000015
2025-01-30,23322.05,23139.2,25834.0,26904.0,25854.0,26842.0,25854.0,26833.0,6225.75,25841.0,26916.0,25837.0,26811.0,6186.75,25931.0,26821.0,6290.75,25885.0,26962.0,25924.0,26846.0,6308.75,25872.0,26851.0,6261.75,25973.0,26890.0,6401.75,financialexpress_nifty50.csv,6186.75,6276.75,6234.75,6295.75,6385.75
2025-01-31,23546.8,23277.4,25997.0,26862.0,25940.0,26821.0,25813.0,26909.0,5897.799999999999,25855.0,26969.0,25821.0,26802.0,5798.799999999999,25915.0,26904.0,5994.799999999999,25947.0,26886.0,25864.0,26882.0,5921.799999999999,25841.0,26934.0,5950.799999999999,25801.0,26931.0,5907.799999999999,financialexpress_nifty50.csv,5798.799999999999,6034.799999999999,5936.799999999999,5999.799999999999,6008.799999999999
2025-02-01,23632.45,23318.3,,,,,,,,,,,,,,,,,,,,,,,,,,,,,,,,
2025-02-03,23381.6,23222.0,25921.0,26910.0,25965.0,26919.0,25832.0,26979.0,6207.4000000000015,25880.0,26998.0,25955.0,26905.0,6256.4000000000015,25878.0,26855.0,6129.4000000000015,25870.0,26863.0,25851.0,26835.0,6082.4000000000015,25898.0,26936.0,6230.4000000000015,25843.0,26948.0,6187.4000000000015,moneycontrol_nifty50.csv,6082.4000000000015,6227.4000000000015,6280.4000000000015,6274.4000000000015,6129.4000000000015
2025-02-04,23762.75,23423.15,25938.0,26879.0,25991.0,26895.0,25927.0,26935.0,5676.0999999999985,25900.0,26940.0,25990.0,26906.0,5710.0999999999985,25909.0,26953.0,5676.0999999999985,25920.0,26875.0,25817.0,26849.0,5480.0999999999985,25873.0,26807.0,5494.0999999999985,25898.0,26969.0,5681.0999999999985,moneycontrol_nifty50.csv,5480.0999999999985,5631.0999999999985,5700.0999999999985,5654.0999999999985,5609.0999999999985
2025-02-05,23807.3,23680.45,25800.0,26959.0,25982.0,26833.0,25964.0,26920.0,5396.25,25914.0,26988.0,25853.0,26818.0,5183.25,25997.0,26905.0,5414.25,25967.0,26925.0,25960.0,26929.0,5401.25,25874.0,26814.0,5200.25,25973.0,26959.0,5444.25,financialexpress_nifty50.csv,5183.25,5271.25,5327.25,5414.25,5404.25
2025-02-06,23773.55,23556.25,25862.0,26929.0,25947.0,26824.0,25890.0,26928.0,5488.200000000001,25850.0,26936.0,25879.0,26922.0,5471.200000000001,25899.0,26936.0,5505.200000000001,25839.0,26837.0,25826.0,26936.0,5432.200000000001,25846.0,26993.0,5509.200000000001,25870.0,26997.0,5537.200000000001,mint_nifty50.csv,5346.200000000001,5461.200000000001,5441.200000000001,5456.200000000001,5346.200000000001
2025-02-07,23694.5,23443.2,25822.0,26866.0,25927.0,26994.0,25983.0,26988.0,5833.299999999999,25946.0,26993.0,25886.0,26828.0,5576.299999999999,25996.0,26818.0,5676.299999999999,25879.0,26915.0,25800.0,26884.0,5546.299999999999,25845.0,26955.0,5662.299999999999,25905.0,26843.0,5610.299999999999,moneycontrol_nifty50.csv,5546.299999999999,5550.299999999999,5783.299999999999,5801.299999999999,5656.299999999999
2025-02-10,23568.6,23316.3,25994.0,26817.0,25964.0,26906.0,25941.0,26948.0,6004.100000000002,25827.0,26891.0,25802.0,26815.0,5732.100000000002,25895.0,26912.0,5922.100000000002,25955.0,26929.0,25856.0,26823.0,5794.100000000002,25937.0,26896.0,5948.100000000002,25918.0,26930.0,5963.100000000002,financialexpress_nifty50.csv,5732.100000000002,5926.100000000002,5985.100000000002,5833.100000000002,5999.100000000002
2025-02-11,23390.05,22986.65,25952.0,26954.0,25995.0,26967.0,25889.0,26812.0,6324.299999999999,25849.0,26924.0,25948.0,26859.0,6430.299999999999,25865.0,26954.0,6442.299999999999,25911.0,26876.0,25947.0,26974.0,6544.299999999999,25901.0,26998.0,6522.299999999999,25887.0,26998.0,6508.299999999999,economictimeslive_nifty50.csv,6324.299999999999,6529.299999999999,6585.299999999999,6396.299999999999,6410.299999999999
2025-02-12,23144.7,22798.35,25914.0,26847.0,25973.0,26929.0,25909.0,26838.0,6803.950000000001,25934.0,26885.0,25886.0,26811.0,6753.950000000001,25874.0,26885.0,6815.950000000001,25851.0,26945.0,25837.0,26913.0,6806.950000000001,25837.0,26990.0,6883.950000000001,25960.0,26835.0,6851.950000000001,financialexpress_nifty50.csv,6753.950000000001,6817.950000000001,6958.950000000001,6875.950000000001,6852.950000000001
2025-02-13,23235.5,22992.2,25820.0,26918.0,25995.0,26946.0,25979.0,26907.0,6658.299999999999,25931.0,26978.0,25971.0,26912.0,6655.299999999999,25961.0,26893.0,6626.299999999999,25923.0,26836.0,25846.0,26846.0,6464.299999999999,25902.0,26974.0,6648.299999999999,25949.0,26993.0,6714.299999999999,moneycontrol_nifty50.csv,6464.299999999999,6510.299999999999,6713.299999999999,6681.299999999999,6531.299999999999
2025-02-14,23133.7,22774.85,25979.0,26927.0,25872.0,26911.0,25815.0,26884.0,6790.450000000001,25923.0,26836.0,25820.0,26904.0,6815.450000000001,25863.0,26940.0,6894.450000000001,25898.0,26847.0,25970.0,26951.0,7012.450000000001,25978.0,26940.0,7009.450000000001,25806.0,26923.0,6820.450000000001,economictimeslive_nifty50.csv,6790.450000000001,6997.450000000001,6874.450000000001,6850.450000000001,6836.450000000001
2025-02-17,22974.2,22725.45,25953.0,26940.0,25829.0,26862.0,25935.0,26990.0,7225.3499999999985,25827.0,26931.0,25883.0,26886.0,7069.3499999999985,25845.0,26984.0,7129.3499999999985,25800.0,26936.0,25842.0,26932.0,7074.3499999999985,25928.0,26982.0,7210.3499999999985,25887.0,26821.0,7008.3499999999985,cnbc_nifty50.csv,6991.3499999999985,7193.3499999999985,6991.3499999999985,7058.3499999999985,7036.3499999999985
2025-02-18,22992.5,22801.5,25882.0,26859.0,25945.0,26880.0,25809.0,26842.0,6857.0,25870.0,26923.0,25905.0,26801.0,6912.0,25885.0,26965.0,7056.0,25901.0,26929.0,25921.0,26821.0,6948.0,25952.0,26914.0,7072.0,25994.0,26888.0,7088.0,economictimeslive_nifty50.csv,6857.0,6947.0,7031.0,6999.0,7036.0
2025-02-19,23049.95,22814.85,25849.0,26847.0,25922.0,26847.0,25862.0,26846.0,6843.200000000001,25943.0,26985.0,25979.0,26979.0,7093.200000000001,25860.0,26821.0,6816.200000000001,25999.0,26952.0,25956.0,26882.0,6973.200000000001,25964.0,26904.0,7003.200000000001,25812.0,26972.0,6919.200000000001,indiatodaybusiness_nifty50.csv,6816.200000000001,6831.200000000001,6904.200000000001,7063.200000000001,7086.200000000001
2025-02-20,22923.85,22812.75,25979.0,26863.0,25930.0,26945.0,25911.0,26911.0,7085.4000000000015,25866.0,26933.0,25911.0,26896.0,7070.4000000000015,25874.0,26847.0,6984.4000000000015,25839.0,26839.0,25866.0,26803.0,6932.4000000000015,25872.0,26996.0,7131.4000000000015,25876.0,26810.0,6949.4000000000015,moneycontrol_nifty50.csv,6932.4000000000015,7105.4000000000015,7138.4000000000015,7062.4000000000015,6941.4000000000015
2025-02-21,22921.0,22720.3,25883.0,26937.0,25912.0,26956.0,25869.0,26965.0,7192.700000000001,25846.0,26912.0,25944.0,26952.0,7254.700000000001,25806.0,26922.0,7086.700000000001,25801.0,26910.0,25804.0,26961.0,7123.700000000001,25879.0,26851.0,7088.700000000001,25948.0,26948.0,7254.700000000001,mint_nifty50.csv,7069.700000000001,7178.700000000001,7226.700000000001,7116.700000000001,7069.700000000001
2025-02-24,22668.05,22518.8,25967.0,26965.0,25907.0,26806.0,25897.0,26917.0,7627.1500000000015,25999.0,26815.0,25806.0,26962.0,7581.1500000000015,25824.0,26808.0,7445.1500000000015,25968.0,26987.0,25845.0,26836.0,7494.1500000000015,25968.0,26937.0,7718.1500000000015,25954.0,26926.0,7693.1500000000015,indiatodaybusiness_nifty50.csv,7445.1500000000015,7745.1500000000015,7526.1500000000015,7627.1500000000015,7768.1500000000015
2025-02-25,22625.3,22513.9,25898.0,26808.0,25836.0,26964.0,25942.0,26962.0,7764.799999999999,25948.0,26875.0,25878.0,26803.0,7541.799999999999,25810.0,26963.0,7633.799999999999,25800.0,26805.0,25919.0,26841.0,7620.799999999999,25952.0,26931.0,7743.799999999999,25890.0,26841.0,7591.799999999999,mint_nifty50.csv,7465.799999999999,7566.799999999999,7660.799999999999,7683.799999999999,7465.799999999999
2025-02-26,,,25865.0,26869.0,25935.0,26938.0,25835.0,26832.0,,25929.0,26827.0,25904.0,26962.0,,25828.0,26978.0,,25909.0,26817.0,25803.0,26842.0,,25832.0,26966.0,,25827.0,26988.0,,,,,,,
2025-02-27,22613.3,22508.4,25973.0,26811.0,25841.0,26864.0,25886.0,26989.0,7753.299999999999,25938.0,26988.0,25917.0,26948.0,7743.299999999999,25883.0,26825.0,7586.299999999999,25836.0,26851.0,25824.0,26953.0,7655.299999999999,25995.0,26908.0,7781.299999999999,25962.0,26892.0,7732.299999999999,mint_nifty50.csv,7565.299999999999,7662.299999999999,7583.299999999999,7804.299999999999,7565.299999999999
2025-02-28,22450.35,22104.85,25867.0,26945.0,25904.0,26861.0,25970.0,26804.0,8218.800000000003,25946.0,26931.0,25864.0,26998.0,8306.800000000003,25958.0,26987.0,8389.800000000003,25881.0,26949.0,25837.0,26933.0,8214.800000000003,25867.0,26941.0,8252.800000000003,25935.0,26856.0,8235.800000000003,cnbc_nifty50.csv,8209.800000000003,8256.800000000003,8209.800000000003,8321.800000000003,8274.800000000003
2025-03-03,22261.55,22004.7,25818.0,26817.0,25987.0,26820.0,25853.0,26847.0,8433.75,25959.0,26917.0,25862.0,26931.0,8526.75,25992.0,26893.0,8618.75,25828.0,26924.0,25819.0,26936.0,8488.75,25983.0,26819.0,8535.75,25887.0,26911.0,8531.75,bloomberg_nifty50.csv,8368.75,8368.75,8540.75,8609.75,8485.75
2025-03-04,22105.05,21964.6,25824.0,26900.0,25978.0,26987.0,25908.0,26900.0,8738.350000000002,25998.0,26918.0,25969.0,26833.0,8732.350000000002,25989.0,26994.0,8913.350000000002,25929.0,26899.0,25930.0,26972.0,8832.350000000002,25828.0,26845.0,8603.350000000002,25898.0,26873.0,8701.350000000002,ndtvprofit_nifty50.csv,8603.350000000002,8654.350000000002,8895.350000000002,8846.350000000002,8758.350000000002
2025-03-05,22394.9,22067.8,25864.0,26805.0,25862.0,26902.0,25869.0,26875.0,8281.3,25969.0,26967.0,25919.0,26982.0,8438.3,25960.0,26882.0,8379.3,25905.0,26910.0,25981.0,26811.0,8329.3,25856.0,26917.0,8310.3,25911.0,26845.0,8293.3,bloomberg_nifty50.csv,8206.3,8206.3,8301.3,8473.3,8352.3
2025-03-06,22556.45,22245.85,25850.0,26908.0,25919.0,26820.0,25830.0,26997.0,8024.700000000001,25993.0,26806.0,25994.0,26900.0,8091.700000000001,25916.0,26801.0,7914.700000000001,25836.0,26910.0,25862.0,26957.0,8016.700000000001,25892.0,26871.0,7960.700000000001,25917.0,26938.0,8052.700000000001,indiatodaybusiness_nifty50.csv,7914.700000000001,7955.700000000001,7936.700000000001,7996.700000000001,7943.700000000001
2025-03-07,22633.8,22464.75,25868.0,26820.0,25841.0,26813.0,25801.0,26868.0,7570.450000000001,25887.0,26837.0,25952.0,26854.0,7707.450000000001,25928.0,26927.0,7756.450000000001,25974.0,26972.0,25959.0,26932.0,7792.450000000001,25904.0,26846.0,7651.450000000001,25941.0,26858.0,7700.450000000001,cnbc_nifty50.csv,7555.450000000001,7589.450000000001,7555.450000000001,7625.450000000001,7847.450000000001
2025-03-10,22676.75,22429.05,25904.0,26845.0,25975.0,26930.0,25994.0,26815.0,7703.200000000001,25996.0,26894.0,25924.0,26971.0,7789.200000000001,25944.0,26935.0,7773.200000000001,25845.0,26913.0,25945.0,26820.0,7659.200000000001,25979.0,26930.0,7803.200000000001,25918.0,26890.0,7702.200000000001,bloomberg_nifty50.csv,7643.200000000001,7643.200000000001,7799.200000000001,7784.200000000001,7652.200000000001
2025-03-11,22522.1,22314.7,25978.0,26988.0,25859.0,26904.0,25910.0,26996.0,8069.200000000001,25800.0,26864.0,25819.0,26930.0,7912.200000000001,25890.0,26970.0,8023.200000000001,25859.0,26834.0,25949.0,26819.0,7931.200000000001,25848.0,26905.0,7916.200000000001,25923.0,26989.0,8075.200000000001,etnow_nifty50.csv,7827.200000000001,8129.200000000001,7926.200000000001,7827.200000000001,7856.200000000001
2025-03-12,22577.4,22329.55,25848.0,26908.0,25879.0,26919.0,25831.0,26816.0,7740.049999999999,25921.0,26836.0,25951.0,26838.0,7882.049999999999,26000.0,26997.0,8090.049999999999,25856.0,26800.0,25956.0,26986.0,8035.049999999999,25893.0,26850.0,7836.049999999999,25902.0,26999.0,7994.049999999999,economictimeslive_nifty50.csv,7740.049999999999,7849.049999999999,7891.049999999999,7850.049999999999,7749.049999999999
2025-03-13,22558.05,22377.35,25991.0,26878.0,25934.0,26885.0,25878.0,26903.0,7845.600000000002,25876.0,26869.0,25997.0,26851.0,7912.600000000002,25922.0,26802.0,7788.600000000002,25982.0,26804.0,25916.0,26953.0,7933.600000000002,25989.0,26980.0,8033.600000000002,25915.0,26838.0,7817.600000000002,indiatodaybusiness_nifty50.csv,7788.600000000002,7933.600000000002,7883.600000000002,7809.600000000002,7850.600000000002
2025-03-14,,,25974.0,26897.0,25906.0,26899.0,25971.0,26918.0,,25847.0,26814.0,25818.0,26805.0,,25986.0,26973.0,,25909.0,26908.0,25813.0,26981.0,,25864.0,26983.0,,25889.0,26877.0,,,,,,,
2025-03-17,22577.0,22353.15,25967.0,26865.0,25853.0,26994.0,25846.0,26890.0,7805.8499999999985,25937.0,26900.0,25824.0,26992.0,7885.8499999999985,25903.0,26863.0,7835.8499999999985,25847.0,26856.0,25941.0,26854.0,7864.8499999999985,25877.0,26907.0,7853.8499999999985,25956.0,26993.0,8018.8499999999985,mint_nifty50.csv,7772.8499999999985,7901.8499999999985,7916.8499999999985,7906.8499999999985,7772.8499999999985
2025-03-18,22857.8,22599.2,25841.0,26887.0,25841.0,26991.0,25907.0,26921.0,7371.0,25915.0,26869.0,25974.0,26989.0,7506.0,25888.0,26908.0,7339.0,25813.0,26922.0,25851.0,26816.0,7210.0,25961.0,26961.0,7465.0,25819.0,26956.0,7318.0,moneycontrol_nifty50.csv,7210.0,7271.0,7375.0,7327.0,7278.0
2025-03-19,22940.7,22807.95,25968.0,26809.0,25834.0,26947.0,25801.0,26943.0,6995.3499999999985,25978.0,26968.0,25968.0,26803.0,7022.3499999999985,25884.0,26982.0,7117.3499999999985,25801.0,26829.0,25962.0,26888.0,7101.3499999999985,25871.0,26958.0,7080.3499999999985,25936.0,26842.0,7029.3499999999985,mint_nifty50.csv,6881.3499999999985,7028.3499999999985,7032.3499999999985,7197.3499999999985,6881.3499999999985
2025-03-20,23216.7,22973.95,25870.0,26816.0,25967.0,26808.0,25968.0,26828.0,6605.3499999999985,25906.0,26914.0,25997.0,26862.0,6668.3499999999985,25903.0,26932.0,6644.3499999999985,25874.0,26834.0,25954.0,26881.0,6644.3499999999985,25899.0,26827.0,6535.3499999999985,25823.0,26940.0,6572.3499999999985,bloomberg_nifty50.csv,6495.3499999999985,6495.3499999999985,6584.3499999999985,6629.3499999999985,6517.3499999999985
2025-03-21,23402.7,23132.8,25879.0,26968.0,25997.0,26897.0,25888.0,26930.0,6282.5,25826.0,26849.0,25974.0,26910.0,6348.5,25960.0,26820.0,6244.5,25993.0,26931.0,25884.0,26914.0,6262.5,25871.0,26988.0,6323.5,25820.0,26846.0,6130.5,timesnowbusiness_nifty50.csv,6130.5,6311.5,6358.5,6139.5,6388.5
2025-03-24,23708.75,23433.5,25822.0,26980.0,25818.0,26966.0,25894.0,26886.0,5637.75,25870.0,26813.0,25861.0,26941.0,5659.75,25923.0,26834.0,5614.75,25983.0,26849.0,25911.0,26877.0,5645.75,25918.0,26909.0,5684.75,25841.0,26833.0,5531.75,timesnowbusiness_nifty50.csv,5531.75,5659.75,5641.75,5540.75,5689.75
2025-03-25,23869.6,23601.4,25883.0,26957.0,25948.0,26843.0,25844.0,26886.0,5259.0,25834.0,26830.0,25825.0,26892.0,5246.0,25944.0,26963.0,5436.0,25886.0,26975.0,25885.0,26953.0,5367.0,25993.0,26871.0,5393.0,25867.0,26960.0,5356.0,etnow_nifty50.csv,5193.0,5369.0,5320.0,5193.0,5390.0
2025-03-26,23736.5,23451.7,25860.0,26995.0,25814.0,26970.0,25883.0,26819.0,5513.799999999999,25831.0,26859.0,25952.0,26996.0,5759.799999999999,25940.0,26870.0,5621.799999999999,25817.0,26964.0,25937.0,26914.0,5662.799999999999,25802.0,26970.0,5583.799999999999,25985.0,26831.0,5627.799999999999,etnow_nifty50.csv,5501.799999999999,5666.799999999999,5595.799999999999,5501.799999999999,5592.799999999999
2025-03-27,23646.45,23412.2,25904.0,26858.0,25888.0,26955.0,25975.0,26900.0,5816.3499999999985,25978.0,26927.0,25938.0,26957.0,5836.3499999999985,25847.0,26950.0,5738.3499999999985,25907.0,26928.0,25970.0,26894.0,5805.3499999999985,25890.0,26985.0,5816.3499999999985,25954.0,26833.0,5728.3499999999985,bloomberg_nifty50.csv,5703.3499999999985,5703.3499999999985,5784.3499999999985,5846.3499999999985,5776.3499999999985
2025-03-28,23649.2,23450.2,25982.0,26864.0,25977.0,26907.0,25918.0,26821.0,5639.5999999999985,25826.0,26840.0,25898.0,26963.0,5761.5999999999985,25955.0,26892.0,5747.5999999999985,25916.0,26994.0,25970.0,26852.0,5722.5999999999985,25997.0,26960.0,5857.5999999999985,25932.0,26991.0,5823.5999999999985,etnow_nifty50.csv,5566.5999999999985,5746.5999999999985,5784.5999999999985,5566.5999999999985,5810.5999999999985
2025-04-01,23565.15,23136.4,25992.0,26942.0,25842.0,26961.0,25969.0,26871.0,6138.449999999997,25849.0,26867.0,25841.0,26890.0,6029.449999999997,25887.0,26939.0,6124.449999999997,25919.0,26910.0,25962.0,26841.0,6101.449999999997,25901.0,26840.0,6039.449999999997,25978.0,26903.0,6179.449999999997,etnow_nifty50.csv,6014.449999999997,6232.449999999997,6101.449999999997,6014.449999999997,6127.449999999997
2025-04-02,23350.0,23158.45,25960.0,26954.0,25963.0,26847.0,25964.0,26804.0,6259.549999999999,25886.0,26815.0,25856.0,26945.0,6292.549999999999,25815.0,26983.0,6289.549999999999,25875.0,26832.0,25995.0,26976.0,6462.549999999999,25861.0,26857.0,6209.549999999999,25985.0,26897.0,6373.549999999999,etnow_nifty50.csv,6192.549999999999,6405.549999999999,6301.549999999999,6192.549999999999,6198.549999999999
2025-04-03,23306.5,23145.8,25949.0,26983.0,25924.0,26831.0,25974.0,26827.0,6348.700000000001,25959.0,26873.0,25982.0,26848.0,6377.700000000001,25976.0,26979.0,6502.700000000001,25872.0,26868.0,25909.0,26966.0,6422.700000000001,25876.0,26979.0,6402.700000000001,25952.0,26812.0,6311.700000000001,mint_nifty50.csv,6287.700000000001,6479.700000000001,6302.700000000001,6379.700000000001,6287.700000000001
2025-04-04,23214.7,22857.45,25977.0,26992.0,25837.0,26967.0,25959.0,26900.0,6786.8499999999985,25968.0,26842.0,25919.0,26996.0,6842.8499999999985,25804.0,26992.0,6723.8499999999985,25827.0,26929.0,25838.0,26807.0,6572.8499999999985,25847.0,26807.0,6581.8499999999985,25964.0,26822.0,6713.8499999999985,moneycontrol_nifty50.csv,6572.8499999999985,6896.8499999999985,6731.8499999999985,6737.8499999999985,6683.8499999999985
2025-04-07,22254.0,21743.65,25865.0,26912.0,25998.0,26930.0,25910.0,26841.0,8753.349999999999,25800.0,26940.0,25956.0,26953.0,8911.349999999999,25967.0,26823.0,8792.349999999999,25803.0,26866.0,25988.0,26934.0,8924.349999999999,25886.0,26946.0,8834.349999999999,25823.0,26898.0,8723.349999999999,mint_nifty50.csv,8671.349999999999,8779.349999999999,8930.349999999999,8742.349999999999,8671.349999999999
2025-04-08,22697.2,22270.85,25837.0,26887.0,25903.0,26802.0,25890.0,26937.0,7858.950000000001,25935.0,26800.0,25846.0,26888.0,7765.950000000001,25869.0,26985.0,7885.950000000001,25924.0,26937.0,25888.0,26982.0,7901.950000000001,25953.0,26882.0,7866.950000000001,25954.0,26816.0,7801.950000000001,cnbc_nifty50.csv,7736.950000000001,7755.950000000001,7736.950000000001,7766.950000000001,7892.950000000001
2025-04-09,22468.7,22353.25,25918.0,26951.0,25958.0,26923.0,25864.0,26869.0,7911.049999999999,25998.0,26811.0,25896.0,26860.0,7934.049999999999,25808.0,26825.0,7811.049999999999,25887.0,26975.0,25979.0,26806.0,7963.049999999999,25850.0,26821.0,7849.049999999999,25844.0,26950.0,7972.049999999999,indiatodaybusiness_nifty50.csv,7811.049999999999,8047.049999999999,8059.049999999999,7987.049999999999,8040.049999999999
2025-04-10,,,25984.0,26829.0,25969.0,26948.0,25888.0,26855.0,,25820.0,26920.0,25963.0,26934.0,,25948.0,26961.0,,25886.0,26963.0,25889.0,26829.0,,25858.0,26847.0,,25868.0,26834.0,,,,,,,
2025-04-11,22923.9,22695.4,,,,,,,,,,,,,,,,,,,,,,,,,,,,,,,,
2025-04-14,,,25885.0,26854.0,25913.0,26856.0,25877.0,26941.0,,25898.0,26919.0,25931.0,26962.0,,25963.0,26964.0,,25827.0,26976.0,25829.0,26846.0,,25878.0,26818.0,,25879.0,26801.0,,,,,,,
2025-04-15,23368.35,23207.0,25935.0,26968.0,25805.0,26968.0,25924.0,26931.0,6279.6500000000015,25864.0,26816.0,25830.0,26941.0,6195.6500000000015,25971.0,26963.0,6358.6500000000015,25950.0,26816.0,25898.0,26802.0,6124.6500000000015,25837.0,26990.0,6251.6500000000015,25996.0,26845.0,6265.6500000000015,etnow_nifty50.csv,6104.6500000000015,6327.6500000000015,6197.6500000000015,6104.6500000000015,6190.6500000000015
2025-04-16,23452.2,23273.05,25984.0,26816.0,25826.0,26996.0,25809.0,26919.0,6002.75,25899.0,26825.0,25882.0,26994.0,6150.75,25830.0,26900.0,6004.75,25970.0,26928.0,25854.0,26889.0,6017.75,25851.0,26843.0,5968.75,25948.0,26833.0,6055.75,ndtvprofit_nifty50.csv,5968.75,6074.75,6096.75,5998.75,6172.75
2025-04-17,23872.35,23298.55,,,,,,,,,,,,,,,,,,,,,,,,,,,,,,,,
2025-04-18,,,25956.0,26970.0,25997.0,26802.0,25866.0,26956.0,,25899.0,26855.0,25902.0,26887.0,,25946.0,26860.0,,25807.0,26941.0,25854.0,26843.0,,25980.0,26965.0,,25882.0,26959.0,,,,,,,
2025-04-21,24189.55,23903.65,,,,,,,,,,,,,,,,,,,,,,,,,,,,,,,,
2025-04-22,24242.6,24072.0,25857.0,26939.0,25832.0,26940.0,25813.0,26851.0,4349.4000000000015,25902.0,26848.0,25882.0,26979.0,4546.4000000000015,25977.0,26806.0,4468.4000000000015,25969.0,26844.0,25998.0,26938.0,4621.4000000000015,25812.0,26999.0,4496.4000000000015,25963.0,27000.0,4648.4000000000015,economictimeslive_nifty50.csv,4349.4000000000015,4481.4000000000015,4457.4000000000015,4435.4000000000015,4498.4000000000015
2025-04-23,24359.3,24119.95,25868.0,26810.0,25898.0,26869.0,25869.0,26929.0,4318.75,25956.0,26837.0,25870.0,26811.0,4201.75,25931.0,26954.0,4405.75,25988.0,26811.0,25975.0,26935.0,4430.75,25889.0,26926.0,4335.75,25917.0,26989.0,4426.75,bloomberg_nifty50.csv,4198.75,4198.75,4287.75,4313.75,4319.75
2025-04-24,24347.85,24216.15,25944.0,26831.0,25963.0,26993.0,25803.0,26936.0,4175.0,25949.0,26979.0,25870.0,26826.0,4132.0,25938.0,26903.0,4277.0,25988.0,26930.0,25808.0,26843.0,4087.0,25962.0,26898.0,4296.0,25977.0,26952.0,4365.0,moneycontrol_nifty50.csv,4087.0,4211.0,4392.0,4364.0,4354.0
2025-04-25,24365.45,23847.85,25954.0,26839.0,25831.0,26950.0,25988.0,26838.0,4612.700000000001,25979.0,26889.0,25809.0,26960.0,4555.700000000001,25962.0,26969.0,4717.700000000001,25993.0,26887.0,25951.0,26958.0,4695.700000000001,25921.0,26840.0,4547.700000000001,25957.0,26913.0,4656.700000000001,ndtvprofit_nifty50.csv,4547.700000000001,4579.700000000001,4567.700000000001,4654.700000000001,4666.700000000001
2025-04-28,24355.1,24054.05,25924.0,26868.0,25911.0,26976.0,25977.0,26978.0,4545.850000000002,25895.0,26978.0,25907.0,26955.0,4452.850000000002,25869.0,26964.0,4423.850000000002,25983.0,26905.0,25845.0,26921.0,4356.850000000002,25943.0,26850.0,4383.850000000002,25910.0,26894.0,4394.850000000002,moneycontrol_nifty50.csv,4356.850000000002,4382.850000000002,4477.850000000002,4463.850000000002,4478.850000000002
2025-04-29,24457.65,24290.75,25855.0,26890.0,25966.0,26983.0,25945.0,26822.0,4018.5999999999985,25977.0,26977.0,25911.0,26943.0,4105.5999999999985,25955.0,26896.0,4102.5999999999985,25930.0,26822.0,25960.0,26985.0,4196.5999999999985,25999.0,26827.0,4077.5999999999985,25828.0,26813.0,3892.5999999999985,timesnowbusiness_nifty50.csv,3892.5999999999985,3996.5999999999985,4200.5999999999985,4205.5999999999985,4003.5999999999985
2025-04-30,24396.15,24198.75,25872.0,26943.0,25915.0,26847.0,25949.0,26963.0,4317.0999999999985,25898.0,26862.0,25872.0,26961.0,4238.0999999999985,25927.0,26912.0,4244.0999999999985,25989.0,26883.0,25951.0,26881.0,4237.0999999999985,25886.0,26893.0,4184.0999999999985,25841.0,26960.0,4206.0999999999985,etnow_nifty50.csv,4165.0999999999985,4220.0999999999985,4167.0999999999985,4165.0999999999985,4277.0999999999985
2025-05-01,,,25831.0,26983.0,25988.0,26922.0,25894.0,26834.0,,25950.0,26812.0,25929.0,26884.0,,25997.0,26915.0,,25952.0,26810.0,25941.0,26920.0,,25844.0,26854.0,,25914.0,26901.0,,,,,,,
2025-05-02,24589.15,24238.5,25877.0,26896.0,25863.0,26860.0,25985.0,26916.0,4073.3499999999985,25893.0,26899.0,25811.0,26814.0,3797.3499999999985,25880.0,26803.0,3855.3499999999985,25844.0,26953.0,25960.0,26889.0,4021.3499999999985,25812.0,26970.0,3954.3499999999985,25861.0,26886.0,3919.3499999999985,financialexpress_nifty50.csv,3797.3499999999985,3945.3499999999985,3895.3499999999985,3964.3499999999985,3969.3499999999985
2025-05-05,24526.4,24400.65,25802.0,26985.0,25923.0,26840.0,25836.0,26848.0,3756.949999999997,25973.0,26870.0,25829.0,26923.0,3824.949999999997,25802.0,26886.0,3760.949999999997,25949.0,26968.0,25836.0,26936.0,3844.949999999997,25819.0,26916.0,3807.949999999997,25848.0,26908.0,3828.949999999997,economictimeslive_nifty50.csv,3756.949999999997,3859.949999999997,3835.949999999997,3915.949999999997,3989.949999999997
2025-05-06,24509.65,24331.8,25970.0,26885.0,25908.0,26931.0,25940.0,26830.0,3928.5499999999993,25888.0,26954.0,25956.0,26931.0,4045.5499999999993,25866.0,26944.0,3968.5499999999993,25950.0,26963.0,25998.0,26928.0,4084.5499999999993,25990.0,26802.0,3950.5499999999993,25975.0,26925.0,4058.5499999999993,economictimeslive_nifty50.csv,3928.5499999999993,4013.5499999999993,3997.5499999999993,4000.5499999999993,4071.5499999999993
2025-05-07,24449.6,24220.0,25998.0,26936.0,25895.0,26840.0,25904.0,26866.0,4100.4000000000015,25956.0,26812.0,25851.0,26854.0,4035.4000000000015,25866.0,26938.0,4134.4000000000015,25883.0,26957.0,25916.0,26817.0,4063.4000000000015,25935.0,26888.0,4153.4000000000015,25978.0,26947.0,4255.4000000000015,financialexpress_nifty50.csv,4035.4000000000015,4264.4000000000015,4065.4000000000015,4098.4000000000015,4170.4000000000015
2025-05-08,24447.25,24150.2,25800.0,26884.0,25877.0,26893.0,25946.0,26828.0,4176.549999999999,25809.0,26878.0,25811.0,26893.0,4106.549999999999,25989.0,26996.0,4387.549999999999,25890.0,26925.0,25843.0,26840.0,4085.5499999999993,25953.0,26881.0,4236.549999999999,25848.0,26816.0,4066.5499999999993,timesnowbusiness_nifty50.csv,4066.5499999999993,4086.5499999999993,4172.549999999999,4089.5499999999993,4217.549999999999
2025-05-09,24164.25,23935.75,25855.0,26971.0,25914.0,26870.0,25927.0,26808.0,4635.0,25966.0,26874.0,25806.0,26901.0,4607.0,25983.0,26944.0,4827.0,25816.0,26863.0,25970.0,26854.0,4724.0,25848.0,26979.0,4727.0,25960.0,26837.0,4697.0,mint_nifty50.csv,4579.0,4726.0,4684.0,4740.0,4579.0
2025-05-12,24944.8,24378.85,25831.0,26829.0,25979.0,26989.0,25843.0,26901.0,3420.350000000002,25903.0,26977.0,25968.0,26999.0,3643.350000000002,25955.0,26947.0,3578.350000000002,25831.0,26944.0,25992.0,26991.0,3659.350000000002,26000.0,26984.0,3660.350000000002,25997.0,26984.0,3657.350000000002,bloomberg_nifty50.csv,3336.350000000002,3336.350000000002,3644.350000000002,3556.350000000002,3451.350000000002
2025-05-13,24973.8,24547.5,25899.0,26844.0,25812.0,26983.0,25973.0,26801.0,3252.7000000000007,25840.0,26953.0,25852.0,26947.0,3277.7000000000007,25998.0,26815.0,3291.7000000000007,25929.0,26887.0,25802.0,26950.0,3230.7000000000007,25902.0,26811.0,3191.7000000000007,25999.0,26989.0,3466.7000000000007,ndtvprofit_nifty50.csv,3191.7000000000007,3221.7000000000007,3273.7000000000007,3271.7000000000007,3294.7000000000007
2025-05-14,24767.55,24535.55,25874.0,26939.0,25900.0,26827.0,25935.0,26942.0,3573.9000000000015,25804.0,26859.0,25890.0,26967.0,3553.9000000000015,25953.0,26810.0,3459.9000000000015,25823.0,26983.0,25819.0,26871.0,3386.9000000000015,25994.0,26840.0,3530.9000000000015,25957.0,26814.0,3467.9000000000015,etnow_nifty50.csv,3359.9000000000015,3509.9000000000015,3423.9000000000015,3359.9000000000015,3502.9000000000015
2025-05-15,25116.25,24494.45,25996.0,26913.0,25911.0,26807.0,25946.0,26822.0,3157.2999999999993,25836.0,26825.0,25823.0,26963.0,3175.2999999999993,25876.0,26816.0,3081.2999999999993,25856.0,26922.0,25957.0,26901.0,3247.2999999999993,25833.0,26833.0,3055.2999999999993,25906.0,26813.0,3108.2999999999993,etnow_nifty50.csv,3050.2999999999993,3298.2999999999993,3107.2999999999993,3050.2999999999993,3167.2999999999993
2025-05-16,25070.0,24953.05,25871.0,26826.0,25920.0,26902.0,25843.0,26932.0,2751.9500000000007,25948.0,26836.0,25938.0,26863.0,2777.9500000000007,25804.0,26882.0,2662.9500000000007,25803.0,26950.0,25933.0,26809.0,2718.9500000000007,25880.0,26923.0,2779.9500000000007,25892.0,26972.0,2840.9500000000007,indiatodaybusiness_nifty50.csv,2662.9500000000007,2673.9500000000007,2798.9500000000007,2760.9500000000007,2729.9500000000007
2025-05-19,25062.95,24916.65,25811.0,26985.0,25926.0,26942.0,25931.0,26958.0,2909.399999999998,25962.0,26964.0,25882.0,26958.0,2860.399999999998,25867.0,26814.0,2701.399999999998,25980.0,26979.0,25836.0,26914.0,2770.399999999998,25973.0,26819.0,2812.399999999998,25830.0,26802.0,2652.399999999998,timesnowbusiness_nifty50.csv,2652.399999999998,2816.399999999998,2888.399999999998,2946.399999999998,2979.399999999998
2025-05-20,25010.35,24669.7,25942.0,26908.0,25853.0,26809.0,25833.0,26962.0,3114.9500000000007,25869.0,26909.0,25905.0,26829.0,3053.9500000000007,25877.0,26834.0,3030.9500000000007,25976.0,26879.0,25923.0,26817.0,3059.9500000000007,25879.0,26818.0,3016.9500000000007,25920.0,26848.0,3087.9500000000007,cnbc_nifty50.csv,2981.9500000000007,3169.9500000000007,2981.9500000000007,3097.9500000000007,3174.9500000000007
2025-05-21,24946.2,24685.35,25916.0,26875.0,25923.0,26984.0,25998.0,26910.0,3276.4500000000007,25978.0,26867.0,25963.0,26946.0,3277.4500000000007,25846.0,26961.0,3175.4500000000007,25995.0,26850.0,25930.0,26947.0,3245.4500000000007,25885.0,26903.0,3156.4500000000007,25881.0,26937.0,3186.4500000000007,ndtvprofit_nifty50.csv,3156.4500000000007,3159.4500000000007,3275.4500000000007,3213.4500000000007,3213.4500000000007
2025-05-22,24737.5,24462.4,25932.0,26809.0,25813.0,26953.0,25912.0,26935.0,3647.0999999999985,25987.0,26906.0,25825.0,26963.0,3588.0999999999985,25881.0,26944.0,3625.0999999999985,25862.0,26953.0,25907.0,26882.0,3589.0999999999985,25871.0,26804.0,3475.0999999999985,25984.0,26826.0,3610.0999999999985,ndtvprofit_nifty50.csv,3475.0999999999985,3541.0999999999985,3566.0999999999985,3693.0999999999985,3615.0999999999985
2025-05-23,24909.05,24614.05,,,,,,,,,,,,,,,,,,,,,,,,,,,,,,,,
2025-05-26,25079.2,24900.5,25909.0,26876.0,25885.0,26833.0,25890.0,26880.0,2790.2999999999993,25959.0,27000.0,25874.0,26966.0,2860.2999999999993,25871.0,26878.0,2769.2999999999993,25808.0,26968.0,25875.0,26892.0,2787.2999999999993,25940.0,26918.0,2878.2999999999993,25849.0,26907.0,2776.2999999999993,cnbc_nifty50.csv,2738.2999999999993,2805.2999999999993,2738.2999999999993,2979.2999999999993,2796.2999999999993
2025-05-27,25062.9,24704.1,25840.0,26981.0,25819.0,26907.0,25841.0,26865.0,2939.0,25921.0,26877.0,25931.0,26812.0,2976.0,25966.0,26838.0,3037.0,25814.0,26919.0,25941.0,26990.0,3164.0,25992.0,26965.0,3190.0,25997.0,26911.0,3141.0,economictimeslive_nifty50.csv,2939.0,3054.0,2959.0,3031.0,2966.0
2025-05-28,24864.25,24737.05,25942.0,26944.0,25847.0,26914.0,25886.0,26958.0,3242.7000000000007,25972.0,26870.0,25979.0,26830.0,3207.7000000000007,25998.0,26850.0,3246.7000000000007,25974.0,26823.0,25880.0,26912.0,3190.7000000000007,25881.0,26848.0,3127.7000000000007,25931.0,26824.0,3153.7000000000007,ndtvprofit_nifty50.csv,3127.7000000000007,3284.7000000000007,3159.7000000000007,3240.7000000000007,3195.7000000000007
2025-05-29,24892.6,24677.3,25880.0,26952.0,25950.0,26896.0,25906.0,26861.0,3197.100000000002,25930.0,26907.0,25932.0,26940.0,3302.100000000002,25914.0,26936.0,3280.100000000002,25911.0,26820.0,25986.0,26853.0,3269.100000000002,25893.0,26870.0,3193.100000000002,25929.0,26800.0,3159.100000000002,timesnowbusiness_nifty50.csv,3159.100000000002,3262.100000000002,3276.100000000002,3267.100000000002,3161.100000000002
2025-05-30,24863.95,24717.4,25914.0,26852.0,25808.0,26810.0,25985.0,26853.0,3256.649999999998,25928.0,26904.0,25851.0,26940.0,3209.649999999998,25827.0,26992.0,3237.649999999998,25996.0,26912.0,25910.0,26976.0,3304.649999999998,25812.0,26826.0,3056.649999999998,25885.0,26941.0,3244.649999999998,cnbc_nifty50.csv,3036.649999999998,3184.649999999998,3036.649999999998,3250.649999999998,3326.649999999998
2025-06-02,24754.4,24526.15,25998.0,26810.0,25960.0,26822.0,25928.0,27000.0,3647.449999999997,25963.0,26867.0,25847.0,26927.0,3493.449999999997,25923.0,26807.0,3449.449999999997,25811.0,26984.0,25932.0,26815.0,3466.449999999997,25817.0,26899.0,3435.449999999997,25849.0,26937.0,3505.449999999997,ndtvprofit_nifty50.csv,3435.449999999997,3527.449999999997,3501.449999999997,3549.449999999997,3514.449999999997
2025-06-03,24845.1,24502.15,25973.0,26870.0,25936.0,26841.0,25862.0,26984.0,3498.75,25864.0,26866.0,25922.0,26914.0,3488.75,25967.0,26987.0,3606.75,25887.0,26925.0,25882.0,26996.0,3530.75,25966.0,26814.0,3432.75,25891.0,26915.0,3458.75,etnow_nifty50.csv,3382.75,3495.75,3429.75,3382.75,3464.75
2025-06-04,24644.25,24530.45,25962.0,26978.0,25881.0,26984.0,25852.0,26915.0,3592.2999999999993,25858.0,26873.0,25861.0,26849.0,3535.2999999999993,25983.0,26861.0,3669.2999999999993,25875.0,26982.0,25951.0,26964.0,3740.2999999999993,25935.0,26809.0,3569.2999999999993,25960.0,26949.0,3734.2999999999993,financialexpress_nifty50.csv,3535.2999999999993,3765.2999999999993,3690.2999999999993,3556.2999999999993,3682.2999999999993
2025-06-05,24899.85,24613.1,25811.0,26985.0,25963.0,26812.0,25865.0,26851.0,3203.050000000003,25962.0,26876.0,25988.0,26952.0,3427.050000000003,25848.0,26855.0,3190.050000000003,25989.0,26870.0,25942.0,26922.0,3351.050000000003,25840.0,26963.0,3290.050000000003,25818.0,26858.0,3163.050000000003,timesnowbusiness_nifty50.csv,3163.050000000003,3283.050000000003,3262.050000000003,3325.050000000003,3346.050000000003
2025-06-06,25029.5,24671.45,25917.0,26977.0,25849.0,26886.0,25910.0,26826.0,3035.0499999999993,25964.0,26931.0,25916.0,26992.0,3207.0499999999993,25989.0,26923.0,3211.0499999999993,25924.0,26832.0,25839.0,26920.0,3058.0499999999993,25999.0,26814.0,3112.0499999999993,25837.0,26938.0,3074.0499999999993,cnbc_nifty50.csv,3034.0499999999993,3193.0499999999993,3034.0499999999993,3194.0499999999993,3055.0499999999993
2025-06-09,25160.1,25077.15,25939.0,26998.0,25973.0,26826.0,25968.0,26967.0,2697.75,25943.0,26849.0,25861.0,26801.0,2424.75,25937.0,26933.0,2632.75,25815.0,26843.0,25949.0,26808.0,2519.75,25881.0,26850.0,2493.75,25994.0,26923.0,2679.75,mint_nifty50.csv,2420.75,2699.75,2561.75,2554.75,2420.75
2025-06-10,25199.3,25055.45,25925.0,26937.0,25801.0,26889.0,25860.0,26865.0,2470.25,25963.0,26932.0,25807.0,26832.0,2384.25,25958.0,26922.0,2625.25,25805.0,26935.0,25872.0,26974.0,2591.25,25938.0,26973.0,2656.25,25964.0,26971.0,2680.25,financialexpress_nifty50.csv,2384.25,2607.25,2435.25,2640.25,2485.25
2025-06-11,25222.4,25081.3,25925.0,26814.0,25985.0,26941.0,25909.0,26914.0,2519.2999999999993,25885.0,26811.0,25867.0,26897.0,2460.2999999999993,25821.0,26936.0,2453.2999999999993,25956.0,26907.0,25904.0,26967.0,2567.2999999999993,25824.0,26957.0,2477.2999999999993,25830.0,26822.0,2348.2999999999993,timesnowbusiness_nifty50.csv,2348.2999999999993,2435.2999999999993,2622.2999999999993,2392.2999999999993,2559.2999999999993
2025-06-12,25196.2,24825.9,25923.0,26869.0,25958.0,26904.0,25939.0,26880.0,2796.899999999998,25808.0,26964.0,25805.0,26873.0,2655.899999999998,25911.0,26887.0,2775.899999999998,25927.0,26965.0,25970.0,26991.0,2938.899999999998,25831.0,26834.0,2642.899999999998,25843.0,26934.0,2754.899999999998,ndtvprofit_nifty50.csv,2642.899999999998,2769.899999999998,2839.899999999998,2749.899999999998,2869.899999999998
2025-06-13,24754.35,24473.0,25950.0,26988.0,25925.0,26860.0,25897.0,26981.0,3650.6500000000015,25953.0,26925.0,25938.0,26981.0,3691.6500000000015,25801.0,26932.0,3505.6500000000015,25927.0,26891.0,25933.0,26905.0,3610.6500000000015,25960.0,26949.0,3681.6500000000015,25999.0,26852.0,3623.6500000000015,indiatodaybusiness_nifty50.csv,3505.6500000000015,3710.6500000000015,3557.6500000000015,3650.6500000000015,3590.6500000000015
2025-06-16,24967.1,24703.6,25935.0,26958.0,25996.0,26812.0,25945.0,26866.0,3140.300000000003,25920.0,26980.0,25917.0,26960.0,3206.300000000003,25897.0,26943.0,3169.300000000003,25986.0,26849.0,25915.0,26924.0,3168.300000000003,25867.0,26961.0,3157.300000000003,25943.0,26834.0,3106.300000000003,timesnowbusiness_nifty50.csv,3106.300000000003,3222.300000000003,3137.300000000003,3229.300000000003,3164.300000000003
2025-06-17,24982.05,24813.7,25958.0,26996.0,25967.0,26946.0,25953.0,26873.0,3030.25,25936.0,26909.0,25876.0,26897.0,2977.25,25954.0,26812.0,2970.25,25869.0,26848.0,25918.0,26832.0,2954.25,25898.0,26953.0,3055.25,25940.0,26955.0,3099.25,mint_nifty50.csv,2921.25,3158.25,3117.25,3049.25,2921.25
2025-06-18,24947.55,24750.45,25970.0,26911.0,25909.0,26909.0,25988.0,26983.0,3273.0,25877.0,26999.0,25883.0,26836.0,3021.0,25932.0,26837.0,3071.0,25834.0,26859.0,25962.0,26874.0,3138.0,25869.0,26869.0,3040.0,25949.0,26999.0,3250.0,mint_nifty50.csv,2995.0,3183.0,3120.0,3178.0,2995.0
2025-06-19,24863.1,24733.4,25981.0,26816.0,25981.0,26880.0,25955.0,26894.0,3252.5,25968.0,26984.0,25989.0,26865.0,3257.5,25946.0,26995.0,3344.5,25877.0,26879.0,25882.0,26859.0,3144.5,25846.0,26856.0,3105.5,25918.0,26870.0,3191.5,ndtvprofit_nifty50.csv,3105.5,3200.5,3264.5,3355.5,3159.5
2025-06-20,25136.2,24783.65,25985.0,26817.0,25986.0,26993.0,25901.0,26983.0,2964.149999999998,25975.0,26873.0,25855.0,26905.0,2840.149999999998,25945.0,26876.0,2901.149999999998,25870.0,26864.0,25951.0,26969.0,3000.149999999998,25825.0,26960.0,2865.149999999998,25803.0,26888.0,2771.149999999998,timesnowbusiness_nifty50.csv,2771.149999999998,2882.149999999998,3059.149999999998,2928.149999999998,2814.149999999998
2025-06-23,25057.0,24824.85,25921.0,26951.0,25924.0,26887.0,25802.0,26870.0,2790.1500000000015,25801.0,26965.0,25804.0,26885.0,2807.1500000000015,25990.0,26823.0,2931.1500000000015,25967.0,26830.0,25880.0,26849.0,2847.1500000000015,25931.0,26858.0,2907.1500000000015,25996.0,26945.0,3059.1500000000015,economictimeslive_nifty50.csv,2790.1500000000015,2990.1500000000015,2929.1500000000015,2884.1500000000015,2915.1500000000015
2025-06-24,25317.7,24999.7,25929.0,26867.0,25884.0,26832.0,25803.0,26857.0,2342.5999999999985,25881.0,26884.0,25906.0,26963.0,2551.5999999999985,25969.0,26842.0,2493.5999999999985,25928.0,26945.0,25856.0,26885.0,2423.5999999999985,25992.0,26968.0,2642.5999999999985,25906.0,26830.0,2418.5999999999985,economictimeslive_nifty50.csv,2342.5999999999985,2478.5999999999985,2398.5999999999985,2447.5999999999985,2555.5999999999985
2025-06-25,25266.8,25125.05,25820.0,26925.0,25847.0,26807.0,25869.0,26903.0,2380.1500000000015,25853.0,26883.0,25854.0,26919.0,2381.1500000000015,25820.0,26825.0,2253.1500000000015,25996.0,26811.0,25876.0,26977.0,2461.1500000000015,25890.0,26924.0,2422.1500000000015,25805.0,26983.0,2396.1500000000015,indiatodaybusiness_nifty50.csv,2253.1500000000015,2353.1500000000015,2262.1500000000015,2344.1500000000015,2415.1500000000015
2025-06-26,25565.3,25259.9,25877.0,26879.0,25996.0,26975.0,25994.0,26888.0,2056.7999999999993,25809.0,26823.0,25865.0,26937.0,1976.7999999999993,25943.0,26848.0,1965.7999999999993,25932.0,26898.0,25952.0,26917.0,2043.7999999999993,25958.0,26866.0,1998.7999999999993,25970.0,26999.0,2143.7999999999993,etnow_nifty50.csv,1806.7999999999993,1930.7999999999993,2145.7999999999993,1806.7999999999993,2004.7999999999993
2025-06-27,25654.2,25523.55,25957.0,26941.0,25819.0,26819.0,25801.0,26833.0,1456.25,25930.0,26876.0,25940.0,26969.0,1731.25,25982.0,26922.0,1726.25,25837.0,26859.0,25938.0,26987.0,1747.25,25813.0,26858.0,1493.25,25886.0,26823.0,1531.25,economictimeslive_nifty50.csv,1456.25,1720.25,1460.25,1628.25,1518.25
2025-06-30,25669.35,25473.3,,,,,,,,,,,,,,,,,,,,,,,,,,,,,,,,
2025-07-01,25593.4,25501.8,25860.0,26972.0,25963.0,26839.0,25844.0,26873.0,1621.7999999999993,25894.0,26981.0,25932.0,26967.0,1803.7999999999993,25824.0,26868.0,1596.7999999999993,25865.0,26925.0,25922.0,26969.0,1795.7999999999993,25909.0,26801.0,1614.7999999999993,25868.0,26967.0,1739.7999999999993,indiatodaybusiness_nifty50.csv,1596.7999999999993,1736.7999999999993,1706.7999999999993,1779.7999999999993,1694.7999999999993
2025-07-02,25608.1,25378.75,25881.0,26976.0,25884.0,26895.0,25998.0,26906.0,1917.1500000000015,25830.0,26976.0,25991.0,26828.0,1832.1500000000015,25873.0,26957.0,1843.1500000000015,25810.0,26837.0,25808.0,26801.0,1622.1500000000015,25967.0,26814.0,1794.1500000000015,25915.0,26885.0,1813.1500000000015,moneycontrol_nifty50.csv,1622.1500000000015,1870.1500000000015,1792.1500000000015,1819.1500000000015,1660.1500000000015
2025-07-03,25587.5,25384.35,25808.0,26888.0,25899.0,26890.0,25931.0,26821.0,1780.1500000000015,25833.0,26937.0,25993.0,26828.0,1849.1500000000015,25999.0,26972.0,1999.1500000000015,25865.0,26952.0,25885.0,26948.0,1861.1500000000015,25943.0,26877.0,1848.1500000000015,25966.0,26854.0,1848.1500000000015,bloomberg_nifty50.csv,1724.1500000000015,1724.1500000000015,1817.1500000000015,1798.1500000000015,1845.1500000000015
2025-07-04,25470.25,25331.65,25955.0,26955.0,25980.0,26800.0,25890.0,26950.0,2038.0999999999985,25892.0,26909.0,25984.0,26881.0,2063.0999999999985,25924.0,26958.0,2080.0999999999985,25949.0,26820.0,25980.0,26818.0,1996.0999999999985,25971.0,26836.0,2005.0999999999985,25929.0,26838.0,1965.0999999999985,timesnowbusiness_nifty50.csv,1965.0999999999985,2108.0999999999985,1978.0999999999985,1999.0999999999985,1967.0999999999985
2025-07-07,25489.8,25407.25,25955.0,26948.0,25932.0,26986.0,26000.0,26924.0,2026.9500000000007,25834.0,26955.0,25817.0,26857.0,1776.9500000000007,25974.0,26810.0,1886.9500000000007,25998.0,26840.0,25808.0,26999.0,1909.9500000000007,25944.0,26985.0,2031.9500000000007,25839.0,26803.0,1744.9500000000007,timesnowbusiness_nifty50.csv,1744.9500000000007,2005.9500000000007,2020.9500000000007,1891.9500000000007,1940.9500000000007
2025-07-08,25548.05,25424.15,25939.0,26906.0,25933.0,26867.0,25935.0,26966.0,1928.7999999999993,25954.0,26845.0,25964.0,26967.0,1958.7999999999993,25937.0,26899.0,1863.7999999999993,25927.0,26881.0,25912.0,26827.0,1766.7999999999993,25854.0,26909.0,1790.7999999999993,25880.0,26843.0,1750.7999999999993,timesnowbusiness_nifty50.csv,1750.7999999999993,1872.7999999999993,1827.7999999999993,1826.7999999999993,1835.7999999999993
2025-07-09,25548.7,25424.35,25952.0,26874.0,25831.0,26876.0,25850.0,26937.0,1813.9500000000007,25866.0,26807.0,25897.0,26935.0,1858.9500000000007,25960.0,26877.0,1863.9500000000007,25977.0,26825.0,25977.0,26943.0,1946.9500000000007,25984.0,26945.0,1955.9500000000007,25956.0,26964.0,1946.9500000000007,etnow_nifty50.csv,1699.9500000000007,1852.9500000000007,1733.9500000000007,1699.9500000000007,1828.9500000000007
2025-07-10,25524.05,25340.45,25876.0,26802.0,25884.0,26863.0,25907.0,26854.0,1896.5,25946.0,26875.0,25966.0,26976.0,2077.5,25867.0,26810.0,1812.5,25974.0,26933.0,25863.0,26849.0,1847.5,25898.0,26912.0,1945.5,25931.0,26951.0,2017.5,indiatodaybusiness_nifty50.csv,1812.5,1813.5,1882.5,1956.5,2042.5
2025-07-11,25322.45,25129.0,25907.0,26894.0,25979.0,26972.0,25962.0,26868.0,2378.5499999999993,25917.0,26801.0,25876.0,26875.0,2299.5499999999993,25924.0,26994.0,2466.5499999999993,25832.0,26900.0,25842.0,26933.0,2323.5499999999993,25924.0,26900.0,2372.5499999999993,25931.0,26862.0,2341.5499999999993,etnow_nifty50.csv,2266.5499999999993,2349.5499999999993,2499.5499999999993,2266.5499999999993,2280.5499999999993
2025-07-14,25151.1,25001.95,25920.0,26869.0,25938.0,26852.0,25846.0,26975.0,2667.9500000000007,25806.0,26884.0,25935.0,26905.0,2686.9500000000007,25982.0,26918.0,2746.9500000000007,25963.0,26904.0,25834.0,26947.0,2627.9500000000007,25887.0,26912.0,2645.9500000000007,25935.0,26892.0,2673.9500000000007,etnow_nifty50.csv,2536.9500000000007,2635.9500000000007,2636.9500000000007,2536.9500000000007,2713.9500000000007
2025-07-15,25245.2,25088.45,25943.0,26938.0,25961.0,26939.0,25876.0,26919.0,2461.3499999999985,25997.0,26927.0,25817.0,26948.0,2431.3499999999985,25860.0,26998.0,2524.3499999999985,25808.0,26856.0,25986.0,26921.0,2573.3499999999985,25816.0,26852.0,2334.3499999999985,25941.0,26965.0,2572.3499999999985,mint_nifty50.csv,2330.3499999999985,2547.3499999999985,2566.3499999999985,2590.3499999999985,2330.3499999999985
2025-07-16,25255.3,25121.05,25985.0,26832.0,25952.0,26903.0,25915.0,26987.0,2525.6500000000015,25864.0,26928.0,25928.0,26949.0,2500.6500000000015,25892.0,26978.0,2493.6500000000015,25856.0,26888.0,25939.0,26809.0,2371.6500000000015,25922.0,26955.0,2500.6500000000015,25897.0,26963.0,2483.6500000000015,mint_nifty50.csv,2367.6500000000015,2440.6500000000015,2478.6500000000015,2415.6500000000015,2367.6500000000015
2025-07-17,25238.35,25101.0,25984.0,26929.0,25970.0,26917.0,25928.0,26979.0,2567.6500000000015,25986.0,26990.0,25894.0,26822.0,2376.6500000000015,25860.0,26970.0,2490.6500000000015,25940.0,26927.0,25943.0,26829.0,2432.6500000000015,25892.0,26853.0,2405.6500000000015,25844.0,26955.0,2459.6500000000015,financialexpress_nifty50.csv,2376.6500000000015,2573.6500000000015,2547.6500000000015,2636.6500000000015,2527.6500000000015
2025-07-18,25144.6,24918.65,25988.0,26898.0,25823.0,26836.0,25889.0,26973.0,2798.75,25956.0,26841.0,25805.0,26847.0,2588.75,25891.0,26805.0,2632.75,25879.0,26855.0,25886.0,26973.0,2795.75,25849.0,26825.0,2610.75,25895.0,26909.0,2740.75,financialexpress_nifty50.csv,2588.75,2822.75,2595.75,2733.75,2670.75
2025-07-21,25111.4,24882.3,25831.0,26964.0,25965.0,26921.0,25974.0,26956.0,2936.2999999999993,25852.0,26856.0,25972.0,26992.0,2970.2999999999993,25823.0,26945.0,2774.2999999999993,25871.0,26816.0,25897.0,26928.0,2831.2999999999993,25906.0,26859.0,2771.2999999999993,25809.0,26911.0,2726.2999999999993,mint_nifty50.csv,2693.2999999999993,2801.2999999999993,2892.2999999999993,2714.2999999999993,2693.2999999999993
2025-07-22,25182.0,25035.55,25827.0,26964.0,25831.0,26972.0,25957.0,26915.0,2654.4500000000007,25944.0,26911.0,25837.0,26860.0,2479.4500000000007,25938.0,26911.0,2631.4500000000007,25834.0,26910.0,25834.0,26811.0,2427.4500000000007,25996.0,26891.0,2669.4500000000007,25932.0,26921.0,2635.4500000000007,moneycontrol_nifty50.csv,2427.4500000000007,2573.4500000000007,2585.4500000000007,2637.4500000000007,2526.4500000000007
2025-07-23,25233.5,25085.5,25903.0,26888.0,25879.0,26909.0,25911.0,26893.0,2485.0,25949.0,26978.0,25817.0,26931.0,2429.0,25957.0,26995.0,2633.0,25844.0,26837.0,25846.0,26931.0,2458.0,25954.0,26858.0,2493.0,25971.0,26866.0,2518.0,mint_nifty50.csv,2362.0,2472.0,2469.0,2608.0,2362.0
2025-07-24,25246.25,25018.7,25842.0,26955.0,25840.0,26820.0,25853.0,26800.0,2388.0499999999993,25861.0,26939.0,25835.0,26924.0,2494.0499999999993,25806.0,26854.0,2395.0499999999993,25975.0,26951.0,25812.0,26898.0,2445.0499999999993,25918.0,26942.0,2595.0499999999993,25814.0,26964.0,2513.0499999999993,economictimeslive_nifty50.csv,2388.0499999999993,2532.0499999999993,2395.0499999999993,2535.0499999999993,2661.0499999999993
2025-07-25,25010.35,24806.35,25972.0,26860.0,25871.0,26994.0,25941.0,26843.0,2967.300000000003,25935.0,26856.0,25956.0,26850.0,2989.300000000003,25844.0,26856.0,2883.300000000003,25821.0,26973.0,25936.0,26840.0,2959.300000000003,25824.0,26929.0,2936.300000000003,25985.0,26855.0,3023.300000000003,indiatodaybusiness_nifty50.csv,2883.300000000003,3015.300000000003,3048.300000000003,2974.300000000003,2977.300000000003
2025-07-28,24889.2,24646.6,25875.0,26900.0,25918.0,26966.0,25846.0,26998.0,3308.2000000000007,25920.0,26969.0,25837.0,26806.0,3107.2000000000007,25843.0,26994.0,3301.2000000000007,25905.0,26889.0,25872.0,26978.0,3314.2000000000007,25977.0,26945.0,3386.2000000000007,25803.0,26816.0,3083.2000000000007,timesnowbusiness_nifty50.csv,3083.2000000000007,3239.2000000000007,3348.2000000000007,3353.2000000000007,3258.2000000000007
2025-07-29,24847.15,24598.6,25835.0,26918.0,25894.0,26896.0,25851.0,26878.0,3283.25,25947.0,26837.0,25820.0,26904.0,3278.25,25910.0,26847.0,3311.25,25817.0,26918.0,25848.0,26909.0,3311.25,25900.0,26834.0,3288.25,25867.0,26818.0,3239.25,timesnowbusiness_nifty50.csv,3239.25,3307.25,3344.25,3338.25,3289.25
2025-07-30,24902.3,24771.95,25867.0,26846.0,25857.0,26989.0,25963.0,26917.0,3205.75,25965.0,26828.0,25827.0,26861.0,3013.75,26000.0,26813.0,3138.75,25948.0,26899.0,25944.0,26848.0,3117.75,25858.0,26821.0,3004.75,25940.0,26891.0,3156.75,ndtvprofit_nifty50.csv,3004.75,3038.75,3171.75,3118.75,3172.75
2025-07-31,24956.5,24635.0,25950.0,26856.0,25852.0,26919.0,25867.0,26887.0,3162.5,25900.0,26943.0,25978.0,26863.0,3249.5,25893.0,26936.0,3237.5,25881.0,26866.0,25802.0,26848.0,3058.5,25811.0,26935.0,3154.5,25901.0,26986.0,3295.5,moneycontrol_nifty50.csv,3058.5,3214.5,3179.5,3251.5,3155.5
2025-08-01,24784.15,24535.05,25967.0,26891.0,25929.0,26867.0,25976.0,26930.0,3586.7999999999993,25908.0,26839.0,25873.0,26967.0,3520.7999999999993,25913.0,26977.0,3570.7999999999993,25819.0,26805.0,25999.0,26900.0,3579.7999999999993,25994.0,26839.0,3513.7999999999993,25805.0,26911.0,3396.7999999999993,mint_nifty50.csv,3304.7999999999993,3538.7999999999993,3476.7999999999993,3427.7999999999993,3304.7999999999993
2025-08-04,24736.25,24554.0,25867.0,26845.0,25918.0,26924.0,25921.0,26937.0,3567.75,25999.0,26974.0,25952.0,26983.0,3644.75,25825.0,26858.0,3392.75,25969.0,26893.0,25830.0,26823.0,3362.75,25855.0,26975.0,3539.75,25872.0,26968.0,3549.75,moneycontrol_nifty50.csv,3362.75,3421.75,3551.75,3682.75,3571.75
2025-08-05,24733.1,24590.3,25838.0,26842.0,25965.0,26821.0,25832.0,26993.0,3501.600000000002,25991.0,26808.0,25872.0,26964.0,3512.600000000002,25826.0,26951.0,3453.600000000002,25894.0,26858.0,25863.0,26836.0,3375.600000000002,25823.0,26961.0,3460.600000000002,25937.0,26923.0,3536.600000000002,bloomberg_nifty50.csv,3356.600000000002,3356.600000000002,3462.600000000002,3475.600000000002,3428.600000000002
2025-08-06,24671.4,24539.2,25906.0,26976.0,25857.0,26896.0,25905.0,26941.0,3635.399999999998,25938.0,26963.0,25866.0,26915.0,3570.399999999998,25899.0,26934.0,3622.399999999998,25836.0,26920.0,25984.0,26901.0,3674.399999999998,25868.0,26932.0,3589.399999999998,25953.0,26835.0,3577.399999999998,cnbc_nifty50.csv,3542.399999999998,3671.399999999998,3542.399999999998,3690.399999999998,3545.399999999998
2025-08-07,24634.2,24344.15,25841.0,26928.0,25847.0,26888.0,25887.0,26993.0,3901.649999999998,26000.0,26935.0,25985.0,26998.0,4004.649999999998,25842.0,26847.0,3710.649999999998,25995.0,26814.0,25909.0,26880.0,3810.649999999998,25838.0,26870.0,3729.649999999998,25900.0,26859.0,3780.649999999998,indiatodaybusiness_nifty50.csv,3710.649999999998,3790.649999999998,3756.649999999998,3956.649999999998,3830.649999999998
2025-08-08,24585.5,24337.5,25959.0,26987.0,25832.0,26976.0,25919.0,26838.0,3834.0,25964.0,26901.0,25952.0,26855.0,3884.0,25926.0,26835.0,3838.0,25999.0,26854.0,25809.0,26932.0,3818.0,25807.0,26936.0,3820.0,25840.0,26920.0,3837.0,moneycontrol_nifty50.csv,3818.0,4023.0,3885.0,3942.0,3930.0
2025-08-11,24600.85,24347.45,25853.0,26902.0,25970.0,26925.0,25820.0,26834.0,3705.7000000000007,25861.0,26950.0,25852.0,26968.0,3871.7000000000007,25834.0,26960.0,3845.7000000000007,25814.0,26954.0,25926.0,26941.0,3918.7000000000007,25962.0,26914.0,3927.7000000000007,25842.0,26969.0,3862.7000000000007,economictimeslive_nifty50.csv,3705.7000000000007,3806.7000000000007,3946.7000000000007,3862.7000000000007,3819.7000000000007
2025-08-12,24702.6,24465.65,25856.0,26942.0,25838.0,26943.0,25963.0,26821.0,3615.75,25954.0,27000.0,25907.0,26883.0,3621.75,25918.0,26861.0,3610.75,25901.0,26899.0,25864.0,26947.0,3642.75,25896.0,26981.0,3708.75,25893.0,26986.0,3710.75,indiatodaybusiness_nifty50.csv,3610.75,3629.75,3612.75,3785.75,3631.75
2025-08-13,24664.55,24535.25,25877.0,26857.0,25914.0,26964.0,25921.0,26981.0,3702.2000000000007,25921.0,26865.0,25862.0,26924.0,3586.2000000000007,25802.0,26911.0,3513.2000000000007,25902.0,26943.0,25884.0,26932.0,3616.2000000000007,25824.0,26987.0,3611.2000000000007,25980.0,26833.0,3613.2000000000007,indiatodaybusiness_nifty50.csv,3513.2000000000007,3534.2000000000007,3678.2000000000007,3586.2000000000007,3645.2000000000007
2025-08-14,24673.65,24596.9,25854.0,26877.0,25924.0,26902.0,25898.0,26826.0,3453.449999999997,25912.0,26998.0,25839.0,26829.0,3397.449999999997,25975.0,26955.0,3659.449999999997,25954.0,26979.0,25894.0,26815.0,3438.449999999997,25865.0,26821.0,3415.449999999997,25837.0,26842.0,3408.449999999997,financialexpress_nifty50.csv,3397.449999999997,3460.449999999997,3555.449999999997,3639.449999999997,3662.449999999997
2025-08-18,25022.0,24852.85,25820.0,26954.0,25948.0,26883.0,25961.0,26911.0,2997.1500000000015,25989.0,26895.0,25891.0,26953.0,2969.1500000000015,25948.0,26812.0,2885.1500000000015,25847.0,26802.0,25809.0,26831.0,2765.1500000000015,25830.0,26956.0,2911.1500000000015,25984.0,26822.0,2931.1500000000015,moneycontrol_nifty50.csv,2765.1500000000015,2899.1500000000015,2956.1500000000015,3009.1500000000015,2774.1500000000015
2025-08-19,25012.65,24873.95,25832.0,26800.0,25965.0,26991.0,25863.0,26828.0,2804.399999999998,25858.0,26800.0,25842.0,26898.0,2853.399999999998,25927.0,26836.0,2876.399999999998,25874.0,26963.0,25889.0,26939.0,2941.399999999998,25872.0,26964.0,2949.399999999998,25824.0,26876.0,2813.399999999998,bloomberg_nifty50.csv,2745.399999999998,2745.399999999998,3069.399999999998,2771.399999999998,2950.399999999998
2025-08-20,25088.7,24929.7,25977.0,26803.0,25864.0,26836.0,25870.0,26959.0,2810.5999999999985,25903.0,26942.0,25983.0,26929.0,2893.5999999999985,25995.0,26989.0,2965.5999999999985,25998.0,26892.0,25948.0,26811.0,2740.5999999999985,25801.0,26913.0,2695.5999999999985,25848.0,26861.0,2690.5999999999985,cnbc_nifty50.csv,2681.5999999999985,2761.5999999999985,2681.5999999999985,2826.5999999999985,2871.5999999999985
2025-08-21,25153.65,25054.9,25806.0,26833.0,25917.0,26923.0,25817.0,26939.0,2547.449999999997,25919.0,26895.0,25908.0,26943.0,2642.449999999997,25808.0,26814.0,2413.449999999997,25806.0,26887.0,25920.0,26831.0,2542.449999999997,25997.0,26859.0,2647.449999999997,25940.0,26875.0,2606.449999999997,indiatodaybusiness_nifty50.csv,2413.449999999997,2430.449999999997,2631.449999999997,2605.449999999997,2484.449999999997
2025-08-22,25084.85,24859.15,25856.0,26992.0,25985.0,26800.0,25913.0,26879.0,2848.0,25831.0,26985.0,25959.0,26974.0,2989.0,25996.0,26972.0,3024.0,25997.0,26850.0,25913.0,26865.0,2834.0,25965.0,26890.0,2911.0,25839.0,26922.0,2817.0,timesnowbusiness_nifty50.csv,2817.0,2904.0,2841.0,2872.0,2903.0
2025-08-25,25021.55,24894.35,25933.0,26881.0,25820.0,26957.0,25802.0,26916.0,2802.100000000002,25886.0,26800.0,25801.0,26899.0,2784.100000000002,25973.0,26922.0,2979.100000000002,25914.0,26857.0,25988.0,26940.0,3012.100000000002,25803.0,26819.0,2706.100000000002,25938.0,26850.0,2872.100000000002,ndtvprofit_nifty50.csv,2706.100000000002,2898.100000000002,2861.100000000002,2770.100000000002,2855.100000000002
2025-08-26,24919.65,24689.6,25951.0,26834.0,25878.0,26986.0,25832.0,26882.0,3104.75,25914.0,26937.0,25952.0,26866.0,3208.75,25959.0,26918.0,3267.75,25806.0,26913.0,25896.0,26814.0,3100.75,25857.0,26949.0,3196.75,25819.0,26853.0,3062.75,timesnowbusiness_nifty50.csv,3062.75,3175.75,3254.75,3241.75,3109.75
2025-08-28,24702.65,24481.6,25994.0,26902.0,25934.0,26833.0,25979.0,26974.0,3768.75,25944.0,26973.0,25996.0,26972.0,3783.75,25990.0,26844.0,3649.75,25977.0,26803.0,25884.0,26865.0,3564.75,25978.0,26867.0,3660.75,25945.0,26897.0,3657.75,moneycontrol_nifty50.csv,3564.75,3711.75,3582.75,3732.75,3595.75
2025-08-29,24572.45,24404.7,25894.0,26923.0,25958.0,26903.0,25886.0,26938.0,3846.8499999999985,25919.0,26854.0,25838.0,26996.0,3856.8499999999985,25886.0,26826.0,3734.8499999999985,25913.0,26994.0,25849.0,26928.0,3799.8499999999985,25971.0,26956.0,3949.8499999999985,25965.0,26925.0,3912.8499999999985,indiatodaybusiness_nifty50.csv,3734.8499999999985,3839.8499999999985,3883.8499999999985,3795.8499999999985,3929.8499999999985
2025-09-01,24635.6,24432.7,25979.0,26804.0,25847.0,26986.0,25866.0,26839.0,3636.7000000000007,25833.0,26955.0,25977.0,26884.0,3792.7000000000007,25926.0,26955.0,3812.7000000000007,25848.0,26996.0,25986.0,26902.0,3819.7000000000007,25879.0,26805.0,3615.7000000000007,25985.0,26911.0,3827.7000000000007,ndtvprofit_nifty50.csv,3615.7000000000007,3714.7000000000007,3764.7000000000007,3719.7000000000007,3775.7000000000007
2025-09-02,24756.1,24522.35,25898.0,26836.0,25947.0,26869.0,25816.0,26883.0,3420.550000000003,25937.0,26898.0,25848.0,26970.0,3539.550000000003,25800.0,26856.0,3377.550000000003,25837.0,26872.0,25914.0,26868.0,3503.550000000003,25919.0,26888.0,3528.550000000003,25829.0,26838.0,3388.550000000003,indiatodaybusiness_nifty50.csv,3377.550000000003,3455.550000000003,3537.550000000003,3556.550000000003,3430.550000000003
2025-09-03,24737.05,24533.2,25943.0,26824.0,25985.0,26857.0,25806.0,26867.0,3402.75,25870.0,26974.0,25905.0,26982.0,3616.75,25899.0,26840.0,3468.75,25850.0,26907.0,25800.0,26862.0,3391.75,25852.0,26833.0,3414.75,25965.0,26996.0,3690.75,moneycontrol_nifty50.csv,3391.75,3496.75,3571.75,3573.75,3486.75
2025-09-04,24980.75,24708.2,25898.0,26911.0,25962.0,26990.0,25803.0,26944.0,3058.0499999999993,25958.0,26871.0,25890.0,26861.0,3062.0499999999993,25831.0,26917.0,3059.0499999999993,25994.0,26927.0,25855.0,26800.0,2966.0499999999993,25865.0,26846.0,3022.0499999999993,25946.0,26962.0,3219.0499999999993,moneycontrol_nifty50.csv,2966.0499999999993,3120.0499999999993,3263.0499999999993,3140.0499999999993,3232.0499999999993
2025-09-05,24832.35,24621.6,25878.0,26932.0,25907.0,26961.0,25815.0,26946.0,3307.050000000003,25826.0,26835.0,25815.0,26898.0,3259.050000000003,25977.0,26876.0,3399.050000000003,25977.0,26989.0,25932.0,26878.0,3356.050000000003,25961.0,26859.0,3366.050000000003,25890.0,26879.0,3315.050000000003,etnow_nifty50.csv,3207.050000000003,3356.050000000003,3414.050000000003,3207.050000000003,3512.050000000003
2025-09-08,24885.5,24751.55,25821.0,26971.0,25821.0,26813.0,25827.0,26834.0,3023.9500000000007,25951.0,26837.0,25966.0,26833.0,3161.9500000000007,25911.0,26879.0,3152.9500000000007,25974.0,26939.0,25858.0,26812.0,3032.9500000000007,25837.0,26820.0,3019.9500000000007,25953.0,26810.0,3125.9500000000007,cnbc_nifty50.csv,2996.9500000000007,3154.9500000000007,2996.9500000000007,3150.9500000000007,3275.9500000000007
2025-09-09,24891.8,24814.0,25811.0,26805.0,25954.0,26832.0,25976.0,26918.0,3188.2000000000007,25832.0,26884.0,25941.0,26919.0,3154.2000000000007,26000.0,26833.0,3127.2000000000007,25992.0,26880.0,25954.0,26975.0,3223.2000000000007,25907.0,26823.0,3024.2000000000007,25827.0,26999.0,3120.2000000000007,bloomberg_nifty50.csv,2910.2000000000007,2910.2000000000007,3080.2000000000007,3010.2000000000007,3166.2000000000007
2025-09-10,25035.7,24915.05,25971.0,26890.0,25940.0,26984.0,25820.0,26941.0,2810.25,25995.0,26974.0,25990.0,26934.0,2973.25,25939.0,26802.0,2790.25,25828.0,26865.0,25815.0,26993.0,2857.25,25849.0,26912.0,2810.25,25854.0,26917.0,2820.25,mint_nifty50.csv,2742.25,2910.25,2973.25,3018.25,2742.25
2025-09-11,25037.3,24940.15,25907.0,26803.0,25810.0,26984.0,25811.0,26940.0,2773.5499999999993,25939.0,26900.0,25807.0,26833.0,2662.5499999999993,25959.0,26947.0,2928.5499999999993,25826.0,26908.0,25802.0,26952.0,2776.5499999999993,25882.0,26994.0,2898.5499999999993,25801.0,26847.0,2670.5499999999993,financialexpress_nifty50.csv,2662.5499999999993,2732.5499999999993,2816.5499999999993,2861.5499999999993,2756.5499999999993
2025-09-12,25139.45,25038.05,25885.0,26953.0,25964.0,26890.0,25806.0,26955.0,2583.5,25808.0,26862.0,25939.0,26800.0,2561.5,25848.0,26926.0,2596.5,25924.0,26936.0,25882.0,26920.0,2624.5,25800.0,26898.0,2520.5,25921.0,26988.0,2731.5,etnow_nifty50.csv,2492.5,2660.5,2676.5,2492.5,2682.5
2025-09-15,25138.45,25048.75,25820.0,26901.0,25809.0,26883.0,25819.0,26897.0,2528.7999999999993,25836.0,26817.0,25892.0,26956.0,2660.7999999999993,25881.0,26815.0,2508.7999999999993,25835.0,26808.0,25867.0,26836.0,2515.7999999999993,25819.0,26974.0,2605.7999999999993,25991.0,26808.0,2611.7999999999993,mint_nifty50.csv,2455.7999999999993,2533.7999999999993,2504.7999999999993,2465.7999999999993,2455.7999999999993
2025-09-16,25261.4,25070.45,,,,,,,,,,,,,,,,,,,,,,,,,,,,,,,,
2025-09-17,25346.5,25275.35,25931.0,26979.0,25929.0,26868.0,25885.0,26818.0,2081.1500000000015,25867.0,26832.0,25977.0,26878.0,2233.1500000000015,25843.0,26834.0,2055.1500000000015,25947.0,26806.0,25810.0,26871.0,2059.1500000000015,25818.0,26999.0,2195.1500000000015,25879.0,26957.0,2214.1500000000015,indiatodaybusiness_nifty50.csv,2055.1500000000015,2288.1500000000015,2175.1500000000015,2077.1500000000015,2131.1500000000015
2025-09-18,25448.55,25329.75,25951.0,26985.0,25953.0,26809.0,25820.0,26842.0,1883.7000000000007,25932.0,26899.0,25828.0,26923.0,1972.7000000000007,25912.0,26855.0,1988.7000000000007,25830.0,26915.0,25998.0,26845.0,2064.7000000000007,25808.0,26904.0,1933.7000000000007,25933.0,26951.0,2105.7000000000007,economictimeslive_nifty50.csv,1883.7000000000007,2157.7000000000007,1983.7000000000007,2052.7000000000007,1966.7000000000007
2025-09-19,25431.4,25286.3,25907.0,26935.0,25945.0,26824.0,25968.0,26899.0,2149.2999999999993,25990.0,26949.0,25802.0,26925.0,2009.2999999999993,25894.0,26985.0,2161.2999999999993,25801.0,26860.0,25830.0,26916.0,2028.2999999999993,25979.0,26869.0,2130.2999999999993,25877.0,26808.0,1967.2999999999993,mint_nifty50.csv,1943.2999999999993,2124.2999999999993,2051.2999999999993,2221.2999999999993,1943.2999999999993
2025-09-22,25331.7,25151.05,25892.0,26842.0,25977.0,26906.0,25802.0,26855.0,2174.25,25911.0,26981.0,25813.0,26951.0,2281.25,25811.0,26913.0,2241.25,25892.0,26993.0,25979.0,26917.0,2413.25,25836.0,26841.0,2194.25,25840.0,26866.0,2223.25,economictimeslive_nifty50.csv,2174.25,2251.25,2400.25,2409.25,2402.25
2025-09-23,25261.9,25084.65,25973.0,26881.0,25906.0,26923.0,25908.0,26869.0,2430.449999999997,25911.0,26847.0,25975.0,26964.0,2592.449999999997,25878.0,26976.0,2507.449999999997,25941.0,26839.0,25965.0,26946.0,2564.449999999997,25974.0,26891.0,2518.449999999997,25866.0,26918.0,2437.449999999997,etnow_nifty50.csv,2411.449999999997,2507.449999999997,2482.449999999997,2411.449999999997,2433.449999999997
2025-09-24,25149.85,25027.45,25808.0,26816.0,25958.0,26898.0,25910.0,26864.0,2596.7000000000007,25852.0,26973.0,25948.0,26815.0,2585.7000000000007,25969.0,26831.0,2622.7000000000007,25828.0,26923.0,25931.0,26897.0,2650.7000000000007,25985.0,26937.0,2744.7000000000007,25832.0,26945.0,2599.7000000000007,bloomberg_nifty50.csv,2446.7000000000007,2446.7000000000007,2678.7000000000007,2647.7000000000007,2573.7000000000007
2025-09-25,25092.7,24878.3,25897.0,26999.0,25856.0,26804.0,25860.0,26847.0,2736.0,25817.0,26977.0,26000.0,26849.0,2878.0,25896.0,26813.0,2738.0,25846.0,26815.0,25826.0,26814.0,2669.0,25955.0,26923.0,2907.0,25863.0,26948.0,2840.0,moneycontrol_nifty50.csv,2669.0,2925.0,2689.0,2823.0,2690.0
2025-09-26,24868.6,24629.45,25877.0,26918.0,25825.0,26814.0,25913.0,26951.0,3365.9500000000007,25938.0,26933.0,25940.0,26884.0,3325.9500000000007,25870.0,26852.0,3223.9500000000007,25907.0,26920.0,25982.0,26847.0,3330.9500000000007,25955.0,26975.0,3431.9500000000007,25878.0,26881.0,3260.9500000000007,cnbc_nifty50.csv,3140.9500000000007,3296.9500000000007,3140.9500000000007,3372.9500000000007,3328.9500000000007
2025-09-29,24791.3,24606.2,25881.0,26950.0,25834.0,26975.0,25996.0,26875.0,3473.5,25904.0,26823.0,25822.0,26988.0,3412.5,25856.0,26923.0,3381.5,25881.0,26811.0,25994.0,26851.0,3447.5,25969.0,26825.0,3396.5,25809.0,26857.0,3268.5,timesnowbusiness_nifty50.csv,3268.5,3433.5,3411.5,3329.5,3294.5
2025-09-30,24731.8,24587.7,25921.0,26889.0,25920.0,26857.0,25908.0,26814.0,3402.5,25800.0,26812.0,25860.0,26827.0,3367.5,25904.0,26858.0,3442.5,25879.0,26954.0,25905.0,26898.0,3483.5,25964.0,26893.0,3537.5,25950.0,26973.0,3603.5,etnow_nifty50.csv,3292.5,3490.5,3457.5,3292.5,3513.5
2025-10-01,24867.95,24605.95,25896.0,26863.0,25908.0,26934.0,25834.0,26856.0,3216.0999999999985,25812.0,26883.0,25826.0,26867.0,3219.0999999999985,25828.0,26956.0,3310.0999999999985,25861.0,26889.0,25884.0,26820.0,3230.0999999999985,25800.0,26832.0,3158.0999999999985,25929.0,26836.0,3291.0999999999985,ndtvprofit_nifty50.csv,3158.0999999999985,3285.0999999999985,3368.0999999999985,3221.0999999999985,3276.0999999999985
2025-10-03,24904.8,24747.55,25988.0,26840.0,25999.0,26922.0,25814.0,26886.0,3047.6500000000015,25900.0,26888.0,25862.0,26865.0,3074.6500000000015,25924.0,26819.0,3090.6500000000015,25867.0,26970.0,25924.0,26867.0,3138.6500000000015,25933.0,26804.0,3084.6500000000015,25806.0,26897.0,3050.6500000000015,economictimeslive_nifty50.csv,3047.6500000000015,3175.6500000000015,3268.6500000000015,3135.6500000000015,3184.6500000000015
2025-10-06,25095.95,24881.65,25999.0,26882.0,25820.0,26957.0,25915.0,26909.0,2846.399999999998,25913.0,26870.0,25885.0,26902.0,2809.399999999998,25808.0,26808.0,2638.399999999998,25865.0,26927.0,25976.0,26800.0,2798.399999999998,25862.0,26986.0,2870.399999999998,25956.0,26959.0,2937.399999999998,indiatodaybusiness_nifty50.csv,2638.399999999998,2903.399999999998,2799.399999999998,2805.399999999998,2814.399999999998
2025-10-07,25220.9,25076.3,25848.0,26803.0,25910.0,26822.0,25815.0,26817.0,2334.7999999999993,25879.0,26839.0,25916.0,26913.0,2531.7999999999993,25884.0,26862.0,2448.7999999999993,25953.0,26938.0,25947.0,26824.0,2473.7999999999993,25808.0,26993.0,2503.7999999999993,25938.0,26868.0,2508.7999999999993,economictimeslive_nifty50.csv,2334.7999999999993,2353.7999999999993,2434.7999999999993,2420.7999999999993,2593.7999999999993
2025-10-08,25192.5,25008.5,25848.0,26910.0,25979.0,26821.0,25929.0,26938.0,2666.0,25924.0,26952.0,25864.0,26968.0,2631.0,25841.0,26900.0,2540.0,25905.0,26832.0,25895.0,26972.0,2666.0,25921.0,26857.0,2577.0,25999.0,26976.0,2774.0,mint_nifty50.csv,2536.0,2557.0,2599.0,2675.0,2536.0
2025-10-09,25199.25,25024.3,25883.0,26997.0,25827.0,26902.0,25915.0,26876.0,2567.4500000000007,25998.0,26973.0,25922.0,26925.0,2623.4500000000007,25808.0,26888.0,2472.4500000000007,25857.0,26961.0,25879.0,26806.0,2461.4500000000007,25911.0,26817.0,2504.4500000000007,25967.0,26832.0,2575.4500000000007,moneycontrol_nifty50.csv,2461.4500000000007,2656.4500000000007,2505.4500000000007,2747.4500000000007,2594.4500000000007
2025-10-10,25330.75,25156.85,25929.0,26928.0,25913.0,26897.0,25812.0,26980.0,2304.4000000000015,25842.0,26827.0,25956.0,26975.0,2443.4000000000015,25823.0,26931.0,2266.4000000000015,25987.0,26933.0,25895.0,26970.0,2377.4000000000015,25841.0,26892.0,2245.4000000000015,25904.0,26962.0,2378.4000000000015,etnow_nifty50.csv,2181.4000000000015,2369.4000000000015,2322.4000000000015,2181.4000000000015,2432.4000000000015
2025-10-13,25267.3,25152.3,25929.0,26864.0,25917.0,26841.0,25907.0,26845.0,2332.4000000000015,25874.0,26814.0,25837.0,26944.0,2361.4000000000015,25922.0,26849.0,2351.4000000000015,25960.0,26860.0,25803.0,26819.0,2202.4000000000015,25960.0,26849.0,2389.4000000000015,25907.0,26961.0,2448.4000000000015,moneycontrol_nifty50.csv,2202.4000000000015,2373.4000000000015,2338.4000000000015,2268.4000000000015,2400.4000000000015
2025-10-14,25310.35,25060.55,25840.0,26837.0,25814.0,26949.0,25899.0,26968.0,2496.100000000002,25869.0,26911.0,25973.0,26840.0,2442.100000000002,25821.0,26961.0,2411.100000000002,25826.0,26822.0,25978.0,26910.0,2517.100000000002,25914.0,26958.0,2501.100000000002,25988.0,26840.0,2457.100000000002,mint_nifty50.csv,2277.100000000002,2306.100000000002,2392.100000000002,2409.100000000002,2277.100000000002
2025-10-15,25365.15,25159.35,25934.0,26826.0,25869.0,26915.0,25982.0,26995.0,2452.5,25957.0,26966.0,25983.0,26950.0,2408.5,25953.0,26935.0,2363.5,25812.0,26851.0,25819.0,26901.0,2195.5,25872.0,26966.0,2313.5,25811.0,26981.0,2267.5,mint_nifty50.csv,2138.5,2235.5,2259.5,2398.5,2138.5
2025-10-16,25625.4,25376.85,25963.0,26811.0,25832.0,26995.0,25984.0,26806.0,1787.75,25847.0,26883.0,25987.0,26834.0,1818.75,25801.0,26987.0,1785.75,25833.0,26814.0,25935.0,26911.0,1843.75,25849.0,26966.0,1812.75,25979.0,26828.0,1804.75,mint_nifty50.csv,1644.75,1771.75,1824.75,1727.75,1644.75
2025-10-17,25781.5,25508.6,25863.0,26870.0,25843.0,26919.0,25822.0,26807.0,1338.9000000000015,25854.0,26895.0,25968.0,26866.0,1543.9000000000015,25855.0,26873.0,1437.9000000000015,25915.0,26866.0,25911.0,26956.0,1576.9000000000015,25836.0,26965.0,1510.9000000000015,25978.0,26912.0,1599.9000000000015,economictimeslive_nifty50.csv,1338.9000000000015,1442.9000000000015,1471.9000000000015,1458.9000000000015,1490.9000000000015
2025-10-20,25926.2,25788.5,25929.0,26919.0,25811.0,26931.0,25888.0,26974.0,1147.2999999999993,25978.0,26937.0,25834.0,26947.0,1066.2999999999993,25809.0,26927.0,1021.2999999999993,25984.0,26865.0,25951.0,26955.0,1191.2999999999993,25886.0,26971.0,1142.2999999999993,25850.0,26978.0,1113.2999999999993,indiatodaybusiness_nifty50.csv,1021.2999999999993,1133.2999999999993,1027.2999999999993,1200.2999999999993,1134.2999999999993
2025-10-21,25934.35,25825.8,25949.0,26964.0,25834.0,26872.0,25819.0,26819.0,891.4500000000007,25893.0,26976.0,25903.0,26976.0,1118.8500000000022,25958.0,26819.0,1016.8500000000022,25845.0,26899.0,25988.0,26952.0,1179.8500000000022,25986.0,26935.0,1160.8500000000022,25897.0,26955.0,1091.8500000000022,economictimeslive_nifty50.csv,891.4500000000007,1152.8500000000022,945.8500000000022,1108.8500000000022,983.8500000000022
2025-10-22,,,25968.0,26844.0,25877.0,26846.0,25877.0,26998.0,,25912.0,26857.0,25859.0,26951.0,,25896.0,26818.0,,25816.0,26952.0,25978.0,26882.0,,25857.0,26828.0,,25832.0,26974.0,,,,,,,
2025-10-23,26104.2,25862.45,25956.0,26959.0,25938.0,26877.0,25853.0,26858.0,763.25,25944.0,26846.0,25836.0,26964.0,886.25,25800.0,26830.0,788.25,25978.0,26994.0,25989.0,26978.0,1000.3499999999985,25858.0,26899.0,799.25,25805.0,26976.0,929.25,economictimeslive_nifty50.csv,763.25,948.3499999999985,848.3499999999985,823.3499999999985,1005.3499999999985
2025-10-24,25944.15,25718.2,25990.0,26802.0,25889.0,26859.0,25885.0,26985.0,1207.6499999999978,25832.0,26864.0,25803.0,26919.0,1059.6499999999978,25998.0,26983.0,1318.6499999999978,25891.0,26849.0,25922.0,26985.0,1244.6499999999978,25800.0,26960.0,1097.6499999999978,25881.0,26859.0,1077.6499999999978,etnow_nifty50.csv,1033.6499999999978,1129.6499999999978,1085.6499999999978,1033.6499999999978,1077.6499999999978
2025-10-27,26005.95,25827.0,25913.0,26889.0,25969.0,26938.0,25992.0,26938.0,1097.0499999999993,25960.0,26865.0,25865.0,26868.0,900.0499999999993,25870.0,26842.0,879.0499999999993,25986.0,26890.0,25814.0,26913.0,920.0499999999993,25859.0,26826.0,852.0499999999993,25901.0,26965.0,1033.0499999999993,ndtvprofit_nifty50.csv,852.0499999999993,969.0499999999993,1074.0499999999993,992.0499999999993,1043.0499999999993
2025-10-28,26041.7,25810.05,25941.0,26820.0,25894.0,26880.0,25865.0,26825.0,838.25,25972.0,26846.0,25869.0,26971.0,988.25,25988.0,26874.0,1010.25,25878.0,26845.0,25903.0,26888.0,939.25,25921.0,26920.0,989.25,25876.0,26835.0,859.25,economictimeslive_nifty50.csv,838.25,909.25,922.25,966.25,871.25
2025-10-29,26097.85,25960.3,25975.0,26896.0,25867.0,26957.0,25848.0,26858.0,872.4500000000007,25802.0,26921.0,25875.0,26893.0,880.4500000000007,25960.0,26924.0,826.4500000000007,25966.0,26919.0,25924.0,26879.0,817.4500000000007,25835.0,26822.0,849.4500000000007,25859.0,26887.0,890.4500000000007,bloomberg_nifty50.csv,812.8500000000022,812.8500000000022,952.4500000000007,981.4500000000007,826.8500000000022
2025-10-30,26032.05,25845.25,25878.0,26905.0,25881.0,26984.0,25906.0,26885.0,913.7000000000007,25870.0,26915.0,25838.0,26976.0,951.2000000000007,25987.0,26959.0,1068.7000000000007,25849.0,26986.0,25891.0,26914.0,927.7000000000007,25909.0,26946.0,977.7000000000007,25956.0,26955.0,1033.7000000000007,bloomberg_nifty50.csv,905.7000000000007,905.7000000000007,987.7000000000007,907.7000000000007,957.7000000000007
2025-10-31,25953.75,25711.2,,,,,,,,,,,,,,,,,,,,,,,,,,,,,,,,
2025-11-03,25803.1,25645.5,25947.0,26828.0,25909.0,26826.0,25814.0,26831.0,1196.4000000000015,25826.0,26826.0,25862.0,26896.0,1309.4000000000015,25845.0,26831.0,1227.4000000000015,25893.0,26820.0,25804.0,26954.0,1309.4000000000015,25933.0,26926.0,1410.4000000000015,25892.0,26875.0,1318.4000000000015,economictimeslive_nifty50.csv,1196.4000000000015,1326.4000000000015,1286.4000000000015,1203.4000000000015,1264.4000000000015
2025-11-04,25787.4,25578.4,25896.0,26899.0,25926.0,26859.0,25869.0,26904.0,1407.199999999997,25848.0,26850.0,25903.0,26973.0,1510.199999999997,25827.0,26953.0,1414.199999999997,25853.0,26897.0,25802.0,26893.0,1329.199999999997,25810.0,26931.0,1375.199999999997,25885.0,26970.0,1489.199999999997,moneycontrol_nifty50.csv,1329.199999999997,1429.199999999997,1419.199999999997,1332.199999999997,1384.199999999997
2025-11-05,,,25935.0,26946.0,25919.0,26899.0,25920.0,26999.0,,25988.0,26812.0,25874.0,26804.0,,25834.0,26843.0,,25801.0,26936.0,25899.0,26826.0,,25809.0,26948.0,,25931.0,26912.0,,,,,,,
2025-11-06,25679.15,25491.55,25893.0,26919.0,25909.0,26828.0,25964.0,26959.0,1752.2999999999993,25903.0,26848.0,25873.0,26911.0,1613.2999999999993,25918.0,26918.0,1665.2999999999993,25851.0,26903.0,25921.0,26928.0,1678.2999999999993,25858.0,26805.0,1492.2999999999993,25905.0,26923.0,1657.2999999999993,ndtvprofit_nifty50.csv,1492.2999999999993,1641.2999999999993,1566.2999999999993,1580.2999999999993,1583.2999999999993
2025-11-07,25551.25,25318.45,25903.0,26869.0,25825.0,26924.0,25950.0,26876.0,1956.2999999999993,25839.0,26839.0,25995.0,26994.0,2119.2999999999993,25920.0,26909.0,1959.2999999999993,25987.0,26993.0,25892.0,26960.0,1982.2999999999993,25951.0,26839.0,1920.2999999999993,25969.0,26991.0,2090.2999999999993,etnow_nifty50.csv,1808.2999999999993,1902.2999999999993,1879.2999999999993,1808.2999999999993,2110.2999999999993
2025-11-10,25653.45,25503.5,25835.0,26867.0,25939.0,26867.0,25827.0,26830.0,1500.0499999999993,25853.0,26973.0,25935.0,26817.0,1595.0499999999993,25857.0,26804.0,1504.0499999999993,25907.0,26851.0,25882.0,26969.0,1694.0499999999993,25974.0,26905.0,1722.0499999999993,25906.0,26814.0,1563.0499999999993,economictimeslive_nifty50.csv,1500.0499999999993,1545.0499999999993,1649.0499999999993,1669.0499999999993,1601.0499999999993
2025-11-11,25715.8,25449.25,25984.0,26974.0,25873.0,26935.0,25893.0,26962.0,1689.9500000000007,25977.0,26840.0,25904.0,26965.0,1703.9500000000007,25964.0,26974.0,1772.9500000000007,25853.0,26999.0,25881.0,26889.0,1604.9500000000007,25881.0,26820.0,1535.9500000000007,25887.0,26969.0,1690.9500000000007,ndtvprofit_nifty50.csv,1535.9500000000007,1792.9500000000007,1642.9500000000007,1651.9500000000007,1686.9500000000007
2025-11-12,25934.55,25781.15,25976.0,26811.0,25959.0,26998.0,25972.0,26972.0,1228.2999999999993,25925.0,26924.0,25969.0,26943.0,1196.2999999999993,25925.0,26857.0,1066.2999999999993,25887.0,26979.0,25919.0,26887.0,1090.2999999999993,25913.0,26828.0,1025.2999999999993,25966.0,26892.0,1142.2999999999993,ndtvprofit_nifty50.csv,1025.2999999999993,1071.2999999999993,1241.2999999999993,1133.2999999999993,1150.2999999999993
2025-11-13,26010.7,25808.4,25991.0,26947.0,25911.0,26958.0,25898.0,26886.0,964.8999999999978,25852.0,26828.0,25900.0,26915.0,995.8999999999978,25848.0,26864.0,892.8999999999978,25915.0,26890.0,25956.0,26994.0,1130.8999999999978,25841.0,26960.0,981.8999999999978,25816.0,26944.0,940.8999999999978,etnow_nifty50.csv,860.8999999999978,1118.8999999999978,1049.8999999999978,860.8999999999978,985.8999999999978
2025-11-14,25940.2,25740.8,25980.0,26985.0,25944.0,26922.0,25977.0,26979.0,1275.0,25922.0,26949.0,25952.0,26887.0,1158.0,25881.0,26921.0,1121.0,25867.0,26833.0,25828.0,26894.0,1041.0,25911.0,26882.0,1112.0,25845.0,26851.0,1015.0,timesnowbusiness_nifty50.csv,1015.0,1284.0,1185.0,1190.0,1019.0
2025-11-17,26024.2,25906.35,25904.0,26994.0,25802.0,26984.0,26000.0,27000.0,1069.4500000000007,25930.0,26987.0,25933.0,26900.0,902.4500000000007,25893.0,26907.0,896.1499999999978,25954.0,26898.0,25859.0,26889.0,912.1499999999978,25851.0,26968.0,999.1499999999978,25951.0,26966.0,986.4500000000007,indiatodaybusiness_nifty50.csv,896.1499999999978,972.1499999999978,1064.1499999999978,986.4500000000007,921.4500000000007
2025-11-18,26029.85,25876.5,25977.0,26956.0,25823.0,26804.0,25815.0,26921.0,952.6500000000015,25863.0,26936.0,25844.0,26926.0,928.6500000000015,25985.0,26965.0,1043.6500000000015,25999.0,26878.0,25975.0,26940.0,1008.6500000000015,25810.0,26869.0,905.6500000000015,25975.0,26875.0,943.6500000000015,cnbc_nifty50.csv,827.6500000000015,1026.6500000000015,827.6500000000015,919.6500000000015,970.6500000000015
2025-11-19,26074.65,25856.2,25990.0,26879.0,25974.0,26917.0,25867.0,26937.0,873.1499999999978,25881.0,26978.0,25995.0,26953.0,1017.1499999999978,25995.0,26961.0,1025.1499999999978,25925.0,26938.0,25952.0,26888.0,909.1499999999978,25888.0,26824.0,781.1499999999978,25879.0,26936.0,884.1499999999978,ndtvprofit_nifty50.csv,781.1499999999978,938.1499999999978,960.1499999999978,928.1499999999978,932.1499999999978
2025-11-20,26246.65,26063.2,25979.0,26913.0,25878.0,26874.0,25954.0,26880.0,742.5499999999993,25933.0,26829.0,25806.0,26972.0,982.5499999999993,25984.0,26802.0,634.5499999999993,25879.0,26919.0,25808.0,26847.0,855.5499999999993,25964.0,26930.0,782.5499999999993,25982.0,26987.0,821.5499999999993,indiatodaybusiness_nifty50.csv,634.5499999999993,750.5499999999993,812.5499999999993,712.5499999999993,856.5499999999993
2025-11-21,26179.2,26052.2,25999.0,26991.0,25935.0,26837.0,25889.0,26842.0,826.0,25853.0,26929.0,25848.0,26853.0,878.0,25838.0,26964.0,999.0,25805.0,26845.0,25869.0,26922.0,926.0,25911.0,26854.0,816.0,25850.0,26810.0,833.0,cnbc_nifty50.csv,775.0,865.0,775.0,949.0,913.0
2025-11-24,26142.8,25912.15,25800.0,26983.0,25957.0,26949.0,25914.0,26923.0,782.0499999999993,25803.0,26954.0,25851.0,26887.0,805.3500000000022,25861.0,26957.0,865.3500000000022,25853.0,26994.0,25908.0,26977.0,838.3500000000022,25961.0,26906.0,812.0499999999993,25810.0,26936.0,895.3500000000022,economictimeslive_nifty50.csv,782.0499999999993,952.3500000000022,851.0499999999993,920.3500000000022,910.3500000000022
2025-11-25,26032.6,25857.5,25987.0,26990.0,25811.0,26966.0,25948.0,26875.0,932.9000000000015,25943.0,26927.0,25945.0,26899.0,953.9000000000015,25824.0,26944.0,944.9000000000015,25848.0,26926.0,25956.0,26907.0,972.9000000000015,25912.0,26878.0,899.9000000000015,25960.0,26969.0,1038.9000000000015,ndtvprofit_nifty50.csv,899.9000000000015,1086.9000000000015,979.9000000000015,979.9000000000015,902.9000000000015
2025-11-26,26215.15,25842.95,25982.0,26956.0,25920.0,26986.0,25833.0,26854.0,648.7999999999993,25901.0,26981.0,25840.0,26975.0,762.7999999999993,25863.0,26878.0,682.8999999999978,25828.0,26930.0,25862.0,26952.0,755.8999999999978,25982.0,26888.0,811.8999999999978,25873.0,26995.0,809.8999999999978,economictimeslive_nifty50.csv,648.7999999999993,879.8999999999978,847.8999999999978,823.8999999999978,729.7999999999993
2025-11-27,26310.45,26141.9,25803.0,26889.0,25914.0,26878.0,25997.0,26801.0,635.4500000000007,25852.0,26893.0,25841.0,26945.0,935.4500000000007,25828.0,26954.0,957.4500000000007,25881.0,26913.0,25919.0,26956.0,868.4500000000007,25940.0,26923.0,814.4500000000007,25857.0,26818.0,792.4500000000007,economictimeslive_nifty50.csv,635.4500000000007,917.4500000000007,795.4500000000007,872.4500000000007,863.4500000000007
2025-11-28,26280.75,26172.4,25933.0,26845.0,25886.0,26901.0,25803.0,26824.0,912.6500000000015,25966.0,26876.0,25965.0,26846.0,772.6500000000015,25948.0,26830.0,773.6500000000015,25974.0,26938.0,25938.0,26961.0,914.6500000000015,25823.0,26937.0,1005.6500000000015,25991.0,26805.0,705.6500000000015,timesnowbusiness_nifty50.csv,705.6500000000015,803.6500000000015,906.6500000000015,801.6500000000015,855.6500000000015
2025-12-01,,,25933.0,26884.0,25802.0,26897.0,25885.0,26971.0,,25924.0,26898.0,25811.0,26957.0,,25837.0,26924.0,,25939.0,26983.0,25818.0,26949.0,,25825.0,26828.0,,25954.0,26976.0,,,,,,,
2025-12-02,,,25980.0,26928.0,25979.0,26985.0,,,,25958.0,26908.0,,,,,,,25892.0,26885.0,,,,,,,,,,,,,,,
